Identifiant géographique / Asset location;Longueur / length (km);IST_E1 (Amp);IST_IS1 (Amp);IST_IS2 (Amp);IST_H1 (Amp);Rd (Ohm);Xd (Ohm);Hd/2 (µS);Cd (nF)
LIT 400kV N0 1 AGASSES (LES) - JONQUIERES;10400;3465;3622;3622;3780;0,206;2,707;22,42;142,744
LIT 400kV N0 1 AGASSES (LES) - TAVEL;15679;2462;2644;2644;2798;0,46;4,671;28,836;183,576
LIT 225kV NO 1 AIRVAULT-BONNEAU;52792;932;932;1145;1145;3,064;20,35;119,81;762,736
LIT 225kV NO 1 AIRVAULT-JUMEAUX (LES);5507;1249;1337;1337;1434;0,33;2,212;7,933;50,501
LIT 225kV NO 1 ALBERTVILLE-CHAVANOD;42135;617;685;685;742;4,46;17,21;60;
LIT 225kV NO 1 ALBERTVILLE-CONTAMINE;24925;565;673;673;765;2,352;10,043;35,358;225,097
LIT 225kV NO 1 ALBERTVILLE-LONGEFAN;43669;565;673;673;765;4,486;17,749;61,446;391,18
LIT 225kV NO 1 ALBERTVILLE-MALGOVERT;40633;565;673;673;765;3,54;16,64;55;
LIT 225kV NO 1 ALBERTVILLE-VENTHON-POSTE;3790;231;468;468;611;0,39;1,58;5;
LIT 400kV N0 1 ALBERTVILLE - GRANDE-ILE;40741;3099;3441;3441;3741;0,739;11,29;84,578;538,441
LIT 400kV N0 1 ALBERTVILLE-MONTAGNY-LES-LANCHES;37461;2170;2318;2318;2498;1,265;12,616;69,725;443,885
LIT 400kV NO 2 ALBERTVILLE-GRANDE-ILE;40772;3099;3441;3441;3741;0,74;11,298;84,641;538,84
LIT 400kV N0 3 ALBERTVILLE - GRANDE-ILE;44024;1926;2112;2112;2178;1,665;18,949;63,758;405,896
LIT 225kV NO 1 ALLINGES-CORNIER;36996;966;1076;1076;1168;2,42;14,488;53,992;343,724
LIT 225kV NO 2 ALLINGES-CORNIER;36992;966;1076;1076;1168;2,42;14,474;54,026;343,942
LIT 225kV NO 1 ANOULD-ETIVAL;47620;1070;1155;1155;1265;2,888;19,202;68,027;433,075
LIT 225kV NO 1 AOSTE-BISSY;24490;236;470;470;612;2,398;10,316;33,41;212,697
LIT 225kV NO 1 AQUEDUCS (LES)-CIROLLIERS;9163;827;1015;1015;1150;0,549;3,644;13,26;84,418
LIT 225kV NO 2 AQUEDUCS (LES)-CIROLLIERS;9206;1172;1285;1285;1388;0,551;3,674;13,256;84,388
LIT 225kV N0 3 AQUEDUCS (LES) - CIROLLIERS;9219;1172;1285;1285;1388;0,552;3,677;13,296;84,646
LIT 225kV NO 1 ARDOISE (L )-MOTTE (LA) (VILLENEUVE-LES-AVIGNON);15768;1025;1025;1200;1200;0,933;5,916;75,465;480,424
LIT 225kV NO 1 ARDOISE (L )-TAVEL;10819;1233;1320;1320;1389;0,649;4,346;15,591;99,257
LIT 225kV NO 2 ARDOISE (L )-TAVEL;10815;1233;1320;1320;1389;0,649;4,346;15,591;99,257
LIT 225kV N0 3 ARDOISE (L ) - TAVEL;10612;1233;1320;1320;1389;0,648;4,319;15,544;98,958
LIT 225kV NO 1 ARGIA (BAYONNE SUD)-MOUGUERRE;7967;635;635;870;870;0,369;2,591;92,171;586,781
LIT 225kV NO 2 ARGIA (BAYONNE SUD)-MOUGUERRE;7966;635;635;870;870;0,382;2,65;89,778;571,547
LIT 400kV N0 1 ARGIA (BAYONNE SUD) - CANTEGRIT;84265;2200;2300;2300;2400;2,581;28,1;145,899;
LIT 225kV NO 1 ARGIESANS-ETUPES;11145;654;758;758;857;0,867;4,44;15,641;99,573
LIT 225kV NO 1 ARGIESANS-SIERENTZ;54500;654;758;758;857;4,645;21,857;75,939;483,444
LIT 225kV N0 1 ARGOEUVES - BRAILLY-CORNEHOTTE;38875;894;944;944;1017;3,497;15,821;54,552;347,289
LIT 225kV NO 1 ARGOEUVES-BLOCAUX;41056;1250;1250;1250;1250;2,47;16,435;59,437;378,385
LIT 225kV NO 1 ARGOEUVES-BEAUCHAMPS;54086;753;925;925;1075;3,214;21,636;77,542;493,648
LIT 400kV N0 1 ARGOEUVES - CHEVALET;41973;3465;3622;3622;3780;0,842;11,054;91,517;582,616
LIT 400kV N0 1 ARGOEUVES - MANDARINS;118576;3465;3622;3622;3780;2,377;31,238;258,983;1648,737
LIT 400kV N0 1 ARGOEUVES - PENLY (POSTE EVACUATION);79739;3465;3622;3622;3780;1,213;20,654;180,166;1146,974
LIT 400kV N0 1 ARGOEUVES - TERRIER;83970;3465;3622;3622;3780;1,684;22,111;183,136;1165,88
LIT 400kV NO 2 ARGOEUVES-CHEVALET;42230;3465;3622;3622;3780;0,833;10,936;90,575;576,619
LIT 400kV NO 2 ARGOEUVES-PENLY (POSTE EVACUATION);79755;3465;3622;3622;3780;1,211;20,625;179,895;1145,246
LIT 400kV NO 2 ARGOEUVES-TERRIER;84037;3465;3622;3622;3780;1,686;22,134;183,2;1166,29
LIT 400kV N0 3 ARGOEUVES - TERRIER;81806;1514;1794;1794;2100;2,634;25,809;149,388;951,036
LIT 225kV NO 1 ARLOD-GENISSIAT-POSTE;5279;557;557;653;653;0,34;1,76;36;
LIT 225kV NO 1 ARNAGE-QUINTES (LES);5605;1249;1316;1316;1389;0,336;2,231;8,118;51,678
LIT 225kV NO 2 ARNAGE-QUINTES (LES);5558;1032;1124;1124;1212;0,328;2,216;8,207;52,246
LIT 225kV NO 1 ARRIGHI-CHARENTON;4511;220;220;340;340;0,137;0,47;204,221;1300,111
LIT 225kV NO 1 ARRIGHI-MORBRAS;22138;2008;2008;2300;2400;0,67;6,3;66,87;
LIT 225kV NO 1 ARRIGHI-VILLENEUVE-ST-GEORGES;6719;750;750;830;830;0,42;2,62;20,31;
LIT 225kV NO 2 ARRIGHI-CHARENTON;4473;220;220;340;340;0,139;0,473;205,901;1310,806
LIT 225kV NO 2 ARRIGHI-MORBRAS;22198;1980;2008;2250;2420;0,665;6,133;66,563;423,756
LIT 225kV NO 1 ATTAQUES (LES)-ECHINGHEN;36192;1002;1078;1078;1130;2,375;14,294;51,175;325,79
LIT 225kV NO 1 ATTAQUES (LES)-MANDARINS;10125;;;;;0,607;4,047;14,633;93,155
LIT 400kV NO 2 ATTAQUES (LES)-MANDARINS;10484;3465;3622;3622;3780;0,21;2,76;22,868;145,581
LIT 400kV NO 2 ATTAQUES (LES)-WARANDE;18221;3465;3622;3622;3780;0,365;4,799;39,752;253,068
LIT 225kV NO 1 AUBE-COMMERVEIL;54801;938;987;987;1041;4,993;22,672;76,131;484,664
LIT 225kV NO 1 AUBE-MEZEROLLES;97448;731;835;835;930;8,662;39,653;137,221;873,577
LIT 225kV NO 1 AUBUSSON-EGUZON;73228;894;991;991;1051;6,57;30,04;99;
LIT 225kV NO 1 AUBUSSON-MOLE (LA);68298;286;531;531;674;6,061;28,674;93,313;594,047
LIT 225kV NO 1 AULNOYE-PONT-SUR-SAMBRE;5897;975;1030;1030;1110;0,534;2,448;8,169;52,004
LIT 225kV NO 1 AUSSOIS-PRAZ-ST-ANDRE;10429;737;820;820;889;1,07;4,33;15;
LIT 225kV NO 1 AUZAT-TARASCON;15767;737;820;820;889;1,64;6,387;22,245;141,615
LIT 225kV NO 1 AVALLON-VIGNOL;35863;661;712;712;779;3,512;15,013;49,591;315,709
LIT 225kV NO 1 AVELIN-COURRIERES;18895;1273;1346;1346;1451;1,086;7,461;27,434;174,65
LIT 225kV N0 1 AVELIN - MASTAING;31508;1273;1346;1346;1453;0,938;10,277;55,057;350,505
LIT 400kV N0 1 AVELIN - GAVRELLE;28060;2238;2412;2412;2622;0,87;9,697;47,055;299,562
LIT 400kV N0 1 AVELIN - MASTAING;30743;2570;2718;2718;2912;0,91;10,249;55,636;354,191
LIT 400kV N0 1 AVELIN - WEPPES;21301;3078;3266;3266;3458;0,53;6,687;38,822;247,151
LIT 400kV N0 2 AVELIN-MASTAING;34061;3465;3622;3622;3780;0,681;8,954;74,336;473,239
LIT 400kV NO 2 AVELIN-WARANDE;87006;3078;3266;3266;3458;2,172;27,866;158,44;1008,657
LIT 225kV NO 1 AVIGNON (POSTE)-CHATEAURENARD;10858;1198;1281;1281;1348;0,663;4,41;15,375;97,883
LIT 225kV NO 1 AVIGNON (POSTE)-MOTTE (LA) (VILLENEUVE-LES-AVIGNON);5860;1233;1320;1320;1389;0,355;2,363;8,541;54,376
LIT 400kV N0 1 AVOINE (POSTE 400 KV) - DISTRE;21649;3196;3488;3488;3582;0,511;6,623;40,861;260,13
LIT 400kV N0 1 AVOINE (POSTE 400 KV) - LARCAY;50336;3465;3622;3622;3780;1,009;13,254;109,909;699,704
LIT 400kV NO 2 AVOINE (POSTE 400 KV)-DISTRE;21667;3196;3488;3488;3582;0,511;6,624;40,871;260,19
LIT 400kV NO 2 AVOINE (POSTE 400 KV)-LARCAY;50339;3465;3622;3622;3780;1,008;13,253;109,896;699,618
LIT 225kV NO 1 AVOINE-AVOINE (POSTE 400 KV);1660;;;;;0,042;0,275;46,371;295,206
LIT 225kV N0 1 AVOINE-DISTRE;23105;915;915;1075;1075;1,294;8,775;79,379;505,343
LIT 225kV NO 1 AVOINE-QUINTES (LES);78477;1100;1186;1186;1275;4,462;30,705;113,414;722,018
LIT 225kV N0 1 BROC-CARROS (LE) - LINGOSTIERE;11971;1062;1160;1160;1238;0,69;4,616;16,561;105,429
LIT 225kV N0 1 BROC-CARROS (LE) - TRINITE-VICTOR;13853;1062;1160;1160;1238;0,812;5,476;20,263;
LIT 225kV N0 2 BROC-CARROS (LE) - LINGOSTIERE;11928;1062;1160;1160;1238;0,715;4,787;17,179;109,367
LIT 225kV N0 2 BROC-CARROS (LE) - TRINITE-VICTOR;13937;1062;1081;1160;1207;0,812;5,544;20,171;128,413
LIT 400kV N0 1 BROC-CARROS (LE) - BIANCON;51719;2006;2192;2192;2336;1,665;15,592;97,999;623,881
LIT 400kV N0 2 BROC-CARROS (LE)-BIANCON;50803;2006;2192;2192;2336;1,665;15,592;97,999;623,881
LIT 225kV N0 1 BRAILLY-CORNEHOTTE - SORRUS;30947;865;865;865;865;2,769;12,603;43,678;278,064
LIT 225kV N0 1 BELLE-EPINE - DOMLOUP;18083;934;934;1154;1154;1,018;6,863;75,53;480,841
LIT 225kV NO 1 BELLE-EPINE-RANCE-POSTE;70250;795;864;864;931;6,323;28,584;99,084;630,79
LIT 225kV NO 1 BEAUMONT-MONTEUX-VALENCE;14022;695;782;782;855;1,17;5,76;23;
LIT 225kV NO 2 BEAUMONT-MONTEUX-GAMPALOUP;36312;880;992;992;1086;2,17;14,7;52;
LIT 400kV NO 2 BEAUMONT-MONTEUX-CHAFFARD (LE);76126;3465;3544;3544;3575;2,261;22,922;141,986;903,91
LIT 400kV NO 2 BEAUMONT-MONTEUX-COULANGE;61261;3465;3544;3544;3575;1,715;19,416;111,605;710,5
LIT 400kV N0 1 BOIS-TOLLOT - GENISSIAT-POSTE;33647;1948;2162;2162;2348;1,107;10,877;59,975;381,815
LIT 225kV NO 1 BACALAN-BRUGES;9894;655;655;760;760;0,593;3,97;16,397;104,383
LIT 225kV NO 1 BACALAN-MARQUIS (LE);19408;898;920;1030;1030;1,12;7,583;38,281;
LIT 400kV N0 1 BAIXAS - GAUDIERE (LA);71070;4400;4500;4500;4500;1,565;22,203;131,873;839,529
LIT 400kV N0 2 BAIXAS - LA GAUDIERE;71139;4400;4500;4500;4500;1,565;22,203;131,873;839,529
LIT 225kV NO 1 BALARUC - FLORENSAC;25565;1161;1241;1241;1306;1,562;10,27;36,807;234,322
LIT 225kV NO 1 BALARUC - MONTPELLIER;20281;1233;1320;1320;1389;1,217;8,115;29,259;186,268
LIT 225kV NO 1 BALMA (POSTE)-VERFEIL;15743;1080;1185;1185;1289;0,945;6,329;22,663;144,274
LIT 225kV NO 2 BALMA (POSTE)-VERFEIL;15741;1080;1185;1185;1289;0,944;6,329;22,66;144,256
LIT 225kV N0 1 BARBUISE - CRENEY;59458;684;781;781;869;5,296;24,684;81,892;521,343
LIT 225kV N0 1 BARBUISE - FOSSES (LES);53523;684;781;781;869;4,727;22,104;74,447;473,947
LIT 400kV N0 1 BARNABOS - PENLY (POSTE EVACUATION);47082;3465;3622;3622;3780;0,707;12,046;105,135;669,312
LIT 400kV N0 1 BARNABOS-REMISE;85443;3465;3622;3622;3780;1,725;22,672;187,477;1193,517
LIT 400kV N0 1 BARNABOS - ROUGEMONTIER;50281;3416;3622;3622;3780;1,057;15,342;95,532;608,174
LIT 400kV N0 1 BARNABOS - TERRIER;106793;3465;3622;3622;3780;2,136;28,087;233,173;1484,423
LIT 400kV N0 1 BARNABOS - VAUPALIERE (LA);21799;3465;3622;3622;3780;0,437;5,743;47,542;302,661
LIT 400kV N0 2 BARNABOS-PENLY (POSTE EVACUATION);47050;3465;3622;3622;3780;0,707;12,044;105,114;669,179
LIT 400kV N0 2 BARNABOS-REMISE;85439;3465;3622;3622;3780;1,711;22,484;186,449;1186,971
LIT 400kV NO 2 BARNABOS-ROUGEMONTIER;50274;3416;3622;3622;3780;1,057;15,342;95,534;608,186
LIT 400kV NO 2 BARNABOS-TERRIER;106841;3465;3622;3622;3780;2,137;28,109;233,429;1486,056
LIT 400kV NO 2 BARNABOS-VAUPALIERE (LA);21824;3465;3622;3622;3780;0,438;5,752;47,559;302,767
LIT 225kV NO 1 BASTILLAC-LANNEMEZAN;51558;855;940;;1025;3,166;20,675;74,065;471,514
LIT 225kV NO 1 BATZENDORF-MARLENHEIM;29578;1100;1187;1187;1302;1,804;11,989;43,52;277,055
LIT 225kV N0 1 BAYET - MONTVICQ;37092;814;855;983;1000;2,11;14,64;59;
LIT 225kV NO 1 BAYET-RULHAT;53211;1375;1437;1437;1500;1,042;12,504;125,869;801,305
LIT 225kV NO 1 BAYET-SEMINAIRE;41254;358;692;692;883;2,474;16,472;59,577;379,279
LIT 225kV NO 1 BAYET-VOLVIC;46358;814;983;983;1099;2,68;18,73;66;
LIT 400kV N0 1 BAYET-GAUGLIN;156345;2800;3000;3000;3100;3,234;41,745;333,918;2125,786
LIT 400kV N0 1 BAYET - GREPILLES;70784;2130;2300;2300;2400;2,124;21,532;133,396;849,227
LIT 400kV N0 1 BAYET - MARMAGNE;123163;2130;2300;2300;2400;3,707;37,569;232,948;1482,996
LIT 400kV N0 1 BAYET - RULHAT;53138;1950;2025;2025;2100;1,039;13,664;113,035;719,604
LIT 400kV NO 2 BAYET-GREPILLES;70754;2130;2374;2374;2576;2,123;21,52;133,394;849,209
LIT 400kV NO 2 BAYET-MARMAGNE;123205;2130;2300;2300;2400;3,71;37,594;233,105;1483,992
LIT 400kV N0 2 BAYET-ST-ELOI;85929;2800;3000;3000;3100;1,712;22,502;186,585;1187,834
LIT 225kV N0 1 BERGE - CANTEGRIT;19966;915;985;;1060;1,22;7,945;28,915;184,077
LIT 225kV N0 1 BERGE - MARSILLON;57047;915;985;;1060;3,479;22,666;82,474;525,045
LIT 225kV N0 1 BERGHOLZ-MARLENHEIM;41359;2200;2281;2281;2281;0,767;11,003;86,2;548,769
LIT 225kV NO 1 BEZAUMONT-CROIX-DE-METZ;27115;1172;1285;1285;1388;1,571;10,705;39,403;250,849
LIT 225kV NO 1 BEZAUMONT-CUSTINE;12619;1172;1285;1285;1388;0,761;5,07;18,32;116,626
LIT 225kV NO 1 BEZAUMONT-VANDIERES;13646;1172;1285;1285;1388;0,819;5,445;19,728;125,596
LIT 225kV NO 2 BEZAUMONT-VANDIERES;13741;1172;1285;1285;1375;0,817;5,428;19,698;125,4
LIT 400kV N0 1 BEZAUMONT - HOUDREVILLE;52250;3465;3622;3622;3780;1,038;13,645;113,12;720,143
LIT 400kV N0 1 BEZAUMONT - MARLENHEIM;166525;2070;2282;2282;2400;4,629;51,059;312,549;1989,751
LIT 400kV N0 1 BEZAUMONT - VIGY;43970;3294;3622;3622;3780;0,886;11,633;96,23;612,618
LIT 400kV NO 2 BEZAUMONT-HOUDREVILLE;52265;3465;3622;3622;3780;1,031;13,545;112,287;714,841
LIT 225kV N0 1 BEZON-POTEAU ROUGE;88449;983;1022;1022;1059;6,829;35,619;125,746;800,523
LIT 225kV N0 1 BEZON-PONTCHATEAU;86496;846;928;928;1005;6,782;35,208;124,368;791,752
LIT 225kV N0 1 BIANCON - FREJUS;24588;1100;1100;1600;1600;;;;
LIT 225kV NO 1 BIANCON-MOUGINS;18456;1000;1000;1160;1185;0,987;5,296;324,43;2065,384
LIT 225kV NO 1 BIANCON-PLAN-DE-GRASSE;17853;1062;1160;1160;1238;0,705;5,149;263,983;1680,571
LIT 400kV N0 1 BIANCON - TRANS;31264;2128;2326;2326;2482;0,936;9,487;58,826;374,496
LIT 400kV N0 2 BIANCON - TRANS;31168;2128;2326;2326;2482;0,936;9,487;58,826;374,496
LIT 225kV NO 1 BISSY-GRANDE-ILE;18962;566;672;672;764;1,63;7,68;53,348;339,624
LIT 225kV N0 1 BOISSE (LA) - CAILLOUX-SUR-FONTAINES;10654;1123;1211;1211;1290;0,639;4,262;15,402;98,055
LIT 225kV N0 1 BOISSE (LA) - CUSSET-POSTE;12613;857;857;1024;1024;0,66;4,98;37;
LIT 225kV N0 1 BOISSE (LA) - GENISSIAT-POSTE;68301;695;725;782;855;6,206;27,41;104,429;664,814
LIT 225kV N0 1 BOISSE (LA) - ST-VULBAS-EST;21057;900;1015;1015;1112;1,263;8,463;30,335;193,12
LIT 225kV N0 2 BOISSE (LA) - CUSSET-POSTE;12768;857;857;1024;1024;0,63;4,83;40;
LIT 225kV N0 2 BOISSE (LA) - MIONS;20131;900;1015;1015;1112;1,16;8,01;39;
LIT 400kV N0 1 BOISSE (LA) - CHAFFARD (LE);22971;1752;1998;1998;2172;0,724;7,901;39,896;253,983
LIT 400kV N0 1 BOISSE (LA) - MIONS;19897;2300;2450;2450;2600;0,62;6,84;35,06;
LIT 225kV NO 1 BOLLENE-CHATEAUNEUF-DU-RHONE;24939;816;889;889;947;1,996;10,196;50,496;321,471
LIT 225kV NO 1 BOLLENE-TERRADOU;43937;816;889;889;947;3,767;17,664;61,518;391,633
LIT 225kV NO 1 BOLLENE-TRICASTIN-POSTE (LE);5560;1062;1160;1160;1238;0,325;2,172;7,792;49,607
LIT 225kV N0 2 BOLLENE - TRICASTIN-POSTE (LE);5733;1062;1160;1160;1238;0,344;2,304;8,231;52,401
LIT 225kV NO 1 BONNEAU-ORANGERIE (L);35413;1012;1150;1150;1247;2,124;14,107;51,218;326,062
LIT 225kV NO 1 BONNEAU-VALDIVIENNE;27611;1180;1310;1310;1390;1,656;10,454;42,365;269,701
LIT 225kV NO 2 BONNEAU-VALDIVIENNE;27592;1180;1310;1310;1390;1,653;10,436;42,294;269,252
LIT 225kV N0 1 BONNIERES - MEZEROLLES;28492;1172;1285;1285;1388;1,702;11,349;40,982;260,899
LIT 225kV NO 1 BOUDEYRE-CHATEAUNEUF-DU-RHONE;28383;862;928;928;987;2,433;11,463;40,006;254,689
LIT 225kV NO 1 BOUDEYRE-MONTPEZAT;19100;862;928;928;987;1,724;7,671;26,716;170,081
LIT 225kV NO 1 BOUTRE-COUDON (LE);63400;2200;2300;2300;2400;1,641;17,352;131,628;837,968
LIT 225kV NO 1 BOUTRE-PLAN-D ORGON;82950;1062;1160;1160;1238;1,662;21,854;181,393;1154,781
LIT 225kV N0 1 BOUTRE-SAINTE-TULLE 1;13295;1144;1249;1249;1333;0,705;5,573;18,6;118,414
LIT 225kV N0 1 BOUTRE - TRANS;64661;1250;1250;1600;1600;1,02;10,4;2451;15603,551
LIT 400kV N0 1 BOUTRE - PRIONNET;8950;3192;3489;3489;3723;0,147;2,356;17,068;108,656
LIT 400kV N0 1 BRAUD - MARQUIS (LE);38018;2200;2300;2300;2400;0,921;11,921;73,526;468,08
LIT 400kV N0 1 BRAUD - PREGUILLAC;47291;3072;3414;3414;3598;0,994;14,43;89,859;572,057
LIT 400kV NO 2 BRAUD-CUBNEZAIS;31061;3072;3414;3414;3598;0,642;9,318;57,939;368,852
LIT 400kV NO 2 BRAUD-PREGUILLAC;47365;3072;3414;3414;3598;0,994;14,43;89,857;572,045
LIT 400kV N0 3 BRAUD - CUBNEZAIS;31831;3072;3414;3414;3598;0,673;9,771;60,758;386,795
LIT 400kV N0 4 BRAUD - CUBNEZAIS;31807;3072;3414;3414;3598;0,674;9,78;60,815;387,163
LIT 225kV N0 1 BRENS - PELISSIER;16576;831;984;984;1099;0,979;6,546;23,75;151,199
LIT 225kV N0 1 BRENS - VERFEIL;39187;831;984;984;1099;2,35;15,638;56,598;360,313
LIT 225kV NO 1 BRENNILIS-MARTYRE (LA);31072;1250;1312;1312;1375;1,762;12,128;44,681;284,449
LIT 225kV NO 1 BRENNILIS-PLEYBER-CHRIST;21445;1300;1350;1350;1400;1,297;8,601;31,297;199,244
LIT 225kV NO 1 BREUIL (LE)-GODIN;81146;629;756;756;844;7,28;32,935;113,528;722,743
LIT 225kV NO 1 BREUIL (LE)-MOLE (LA);19922;622;748;748;834;1,791;8,345;27,258;173,528
LIT 225kV NO 1 BREUIL (LE)-PEYRAT-LE-CHATEAU;71580;629;756;756;844;6,396;28,64;99,663;634,473
LIT 400kV N0 1 BREUIL (LE) - MARMAGNE;209132;1410;1632;1632;1806;9,503;71,427;350,819;2233,386
LIT 400kV N0 1 BREUIL (LE) - RUEYRES;65449;1120;1560;;1780;1,964;21,402;115,146;733,04
LIT 225kV NO 1 BRUGES-PESSAC;13884;655;655;760;760;0,828;5,538;21,295;135,568
LIT 225kV NO 1 BUIRE-PONT-SUR-SAMBRE;44040;1250;1250;1250;1250;2,641;17,72;63,208;402,398
LIT 225kV NO 1 BEAULIEU-FARRADIERE (LA);31532;632;890;890;1039;1,799;12,415;45,789;291,504
LIT 225kV NO 1 BEAULIEU-GRANZAY;54903;1249;1337;1337;1434;3,287;21,903;79,244;504,481
LIT 225kV N0 1 BEAULIEU-SIRMIERE;69365;1249;1337;1337;1432;4,007;27,335;100,456;639,524
LIT 225kV NO 1 BEAUREGARD (SAINT-LAURENT-NOUAN)-CHAINGY;20498;483;675;675;786;1,785;8,515;27,739;176,592
LIT 225kV NO 1 BEAUTOR (POSTE)-CAPELLE (LA);67287;439;606;606;770;5,758;27,284;94,723;603,023
LIT 225kV NO 1 BEAUTOR (POSTE)-LONG-CHAMP (LE);51911;731;835;835;930;4,258;20,966;72,876;463,941
LIT 225kV NO 1 BEAUTOR (POSTE)-LATENA;30447;1172;1285;1285;1388;1,75;12,011;44,348;282,326
LIT 225kV NO 1 BEAUTOR (POSTE)-SETIER;21161;899;984;984;1061;1,916;8,609;29,895;190,318
LIT 225kV NO 2 BEAUTOR (POSTE)-LATENA;31657;1400;1500;1500;1550;0,95;9,241;62,697;399,141
LIT 225kV NO 3 BEAUTOR (POSTE)-LATENA;31467;2200;2300;2300;2400;0,944;8,865;64,154;408,417
LIT 225kV N0 1 BOURGUIGNON - ETUPES;13832;791;853;853;934;1,431;5,598;19,462;123,897
LIT 225kV N0 1 BOURGUIGNON - MAMBELIN;11881;791;853;853;934;1,143;4,789;16,847;107,252
LIT 225kV NO 1 CROIX-DE-METZ-LANEUVEVILLE;39040;899;984;984;1061;2,836;15,641;55,9;355,868
LIT 225kV NO 1 CROIX-DE-METZ-VOID;32175;1172;1285;1285;1388;1,931;12,851;46,555;296,38
LIT 225kV NO 1 CHAMPS-REGNAUD-VIELMOULIN;30500;843;909;909;996;2,649;12,359;43,005;273,779
LIT 225kV NO 2 CHAMPS-REGNAUD-VIELMOULIN;33800;847;865;985;1060;2,005;13,363;52,861;336,523
LIT 225kV NO 1 CHATEAUNEUF-DU-RHONE-LOGIS-NEUF;30000;862;928;928;987;2,693;12,205;41,838;266,346
LIT 225kV N0 1 CHATEAUNEUF-DU-RHONE - TRICASTIN-POSTE (LE);21904;862;928;928;987;1,723;8,881;30,913;196,801
LIT 225kV NO 2 CHATEAUNEUF-DU-RHONE-LOGIS-NEUF;30035;862;928;928;987;2,742;12,439;46,105;293,511
LIT 225kV N0 1 CALAN - POTEAU-ROUGE;6800;1110;1110;1403;1403;0,104;1,067;254,473;1620,028
LIT 400kV N0 1 CALAN - CORDEMAIS-POSTE;141416;2200;2300;2300;2400;4,186;42,432;262,918;1673,787
LIT 400kV N0 1 CALAN - MARTYRE (LA);98335;2862;2920;2920;3020;2,953;29,941;185,413;1180,375
LIT 225kV N0 1 CANTEGRIT-MARSILLON;77402;997;1096;1096;1155;4,678;30,486;111,007;706,69
LIT 225kV NO 1 CANTEGRIT-MOUGUERRE;83100;1884;1890;1890;1890;4,563;33,778;117,743;749,573
LIT 225kV NO 1 CANTEGRIT-NAOUTOT;38208;935;1000;;1080;2,296;15,425;54,471;346,771
LIT 225kV NO 2 CANTEGRIT-NAOUTOT;36790;845;925;;1005;2,188;14,696;51,871;330,222
LIT 400kV NO 2 CANTEGRIT-SAUCATS;71885;2690;2822;2822;2936;1,96;25,406;120,523;767,276
LIT 400kV N0 3 CANTEGRIT - SAUCATS;71813;2690;2822;2822;2936;1,939;25,135;119,233;759,063
LIT 225kV NO 1 CAPELLE (LA)-PONT-SUR-SAMBRE;30470;1273;1346;1346;1453;1,827;12,238;43,783;278,731
LIT 400kV N0 1 CAPELLE (LA) - LONNY;52290;2196;2422;2422;2596;1,639;17,552;92,176;586,813
LIT 400kV N0 1 CAPELLE (LA) - MASTAING;60965;2570;2718;2718;2914;1,887;20,213;106,156;675,812
LIT 225kV NO 1 CARRIERES-MORU;28277;1172;1285;1285;1388;1,7;11,31;40,71;
LIT 225kV N0 1 CARRIERES - PLESSIS-GASSOT;26831;510;767;767;976;1,622;10,781;38,324;243,979
LIT 225kV NO 1 CARRIERES-TERRIER;15649;2046;2300;2300;2400;0,469;4,417;31,824;202,596
LIT 225kV NO 2 CARRIERES-TERRIER;15648;2200;2300;2300;2400;0,454;4,265;30,804;196,105
LIT 225kV NO 1 CAZARIL-JALIS;83146;828;908;908;986;6,635;33,492;118,377;753,608
LIT 225kV NO 1 CAZARIL-LANNEMEZAN;12123;828;908;908;986;1,054;5,037;16,569;105,481
LIT 225kV NO 2 CAZARIL-LANNEMEZAN;11751;1018;1117;1117;1213;0,776;4,67;16,997;108,209
LIT 225kV NO 3 CAZARIL-LANNEMEZAN;11752;1018;1117;1117;1213;0,786;4,732;17,214;109,587
LIT 400kV N0 1 CAZARIL - MARSILLON;108896;3316;3622;3622;3780;2,096;29,202;233,399;1485,863
LIT 400kV N0 1 CAZARIL - VERFEIL;121162;3255;3600;3600;3780;2,414;32,023;263,399;1676,85
LIT 400kV NO 2 CAZARIL-MARSILLON;108878;3316;3622;3622;3780;2,09;29,12;232,725;1481,576
LIT 400kV NO 2 CAZARIL-VERFEIL;121130;3255;3600;3600;3780;2,412;32,015;264,127;1681,484
LIT 400kV N0 1 CHAMBRY - MERY-SUR-SEINE;93087;1812;1988;1988;2124;4,148;32,015;155,331;988,87
LIT 225kV N0 1 CERGY - PLESSIS-GASSOT;43020;520;782;782;998;1,982;17,165;62,489;397,818
LIT 225kV N0 1 CERGY-PORCHEVILLE;27066;926;1060;1060;1181;1,632;10,7;38,734;246,587
LIT 225kV N0 1 CERGY-PUISEUX;4670;1172;1285;1285;1388;0,28;1,865;6,754;42,995
LIT 400kV N0 1 CERGY-MEZEROLLES;32739;2200;2300;2300;2400;0,991;10,236;60,342;384,146
LIT 400kV N0 1 CERGY-TERRIER;28595;2366;2596;2596;2778;0,876;9,212;51,294;326,549
LIT 400kV N0 2 CERGY-MEZEROLLES;32714;2200;2300;2300;2400;0,99;10,227;60,288;383,808
LIT 400kV N0 2 CERGY-TERRIER;28712;2366;2596;2596;2778;0,879;9,253;51,486;327,768
LIT 225kV NO 1 CERNAY-VESLE;17550;1172;1285;1285;1388;1,051;7,006;25,311;161,138
LIT 225kV NO 2 CERNAY-VESLE;17550;1172;1285;1285;1388;1,051;7,006;25,317;161,172
LIT 225kV NO 1 CHABOSSIERE (LA)-CHEVIRE;7334;1249;1337;1337;1432;0,422;2,86;10,549;67,157
LIT 225kV NO 1 CHABOSSIERE (LA)-CORDEMAIS-POSTE;19522;1249;1337;1337;1432;1,114;7,536;27,921;177,749
LIT 400kV N0 1 CHAFFARD (LE) - COULANGE;137425;3465;3544;3544;3575;4,154;41,629;259,526;1652,193
LIT 400kV N0 1 CHAFFARD (LE) - CHAMPAGNIER;104135;2110;2246;2246;2382;3,159;34,992;181,147;1153,216
LIT 400kV N0 1 CHAFFARD (LE) - GRANDE-ILE;75696;3465;3622;3622;3780;1,44;20,469;160,814;1023,776
LIT 400kV N0 1 CHAFFARD (LE) - MIONS;12222;1764;1876;1876;1988;0,543;4,174;20,6;131,144
LIT 400kV N0 1 CHAFFARD (LE) - PIVOZ-CORDIER;46957;2300;2450;2450;2600;1,409;14,276;88,489;563,337
LIT 400kV N0 1 CHAFFARD (LE) - ST-VULBAS-OUEST;18713;2300;2400;2400;2400;0,562;5,705;35,187;224,009
LIT 400kV NO 2 CHAFFARD (LE)-CHAMPAGNIER;84001;2110;2246;2246;2382;2,256;27,609;148,141;943,092
LIT 400kV NO 2 CHAFFARD (LE)-GRANDE-ILE;75759;3465;3622;3622;3780;1,441;20,472;160,813;1023,765
LIT 400kV NO 2 CHAFFARD (LE)-MIONS;13304;2200;2300;2300;2400;0,288;3,687;29,339;186,778
LIT 400kV NO 2 CHAFFARD (LE)-PIVOZ-CORDIER;46957;2300;2450;2450;2600;1,409;14,283;88,529;563,59
LIT 400kV NO 2 CHAFFARD (LE)-ST-VULBAS-OUEST;18722;2300;2400;2400;2400;0,562;5,71;35,195;224,058
LIT 400kV N0 3 CHAFFARD (LE) - ST-VULBAS-OUEST;18962;2300;2400;2400;2400;0,569;5,784;35,643;226,912
LIT 400kV N0 4 CHAFFARD (LE) - ST-VULBAS-OUEST;18944;2300;2450;2450;2600;0,569;5,778;35,615;226,734
LIT 225kV NO 1 CHAINGY-DAMBRON;26338;888;983;983;1042;1,572;10,561;37,293;237,417
LIT 225kV N0 2 CHAINGY - DAMBRON;26253;888;983;983;1042;2,522;11,141;35,463;225,767
LIT 225kV NO 3 CHAINGY-DAMBRON;26624;1099;1099;1264;1264;1,577;10,534;49,624;315,917
LIT 400kV N0 1 CHAINGY - VERGER;23926;1332;1796;1796;2098;0,716;7,287;45,037;286,713
LIT 400kV NO 2 CHAINGY-VERGER;24011;1332;1796;1796;2098;0,715;7,275;44,976;286,326
LIT 225kV NO 1 CHALON-CHAMPVANS;61860;641;742;742;836;5,585;25,536;86,199;548,76
LIT 225kV NO 1 CHALON-GROSNE;25080;1400;1500;1500;1550;0,752;7,047;51,372;327,043
LIT 225kV NO 2 CHALON-GROSNE;25070;1400;1500;1500;1550;0,752;7,047;51,372;327,043
LIT 400kV N0 1 CHANCEAUX - DISTRE;79155;2200;2300;2300;2400;2,318;24,1;149,4;951,112
LIT 400kV N0 1 CHANCEAUX - LARCAY;22167;3465;3622;3622;3780;0,445;5,843;48,331;307,683
LIT 400kV N0 1 CHANCEAUX - QUINTES (LES);59410;3465;3622;3622;3780;1,191;15,651;129,768;826,132
LIT 400kV N0 1 CHANCEAUX - VILLERBON;64267;2200;2300;2300;2400;1,912;19,401;120,181;765,093
LIT 400kV NO 2 CHANCEAUX-LARCAY;22076;3465;3622;3622;3780;0,445;5,839;48,306;307,524
LIT 400kV NO 2 CHANCEAUX-QUINTES (LES);59431;3465;3622;3622;3780;1,191;15,652;129,773;826,159
LIT 225kV NO 2 CHANCENAY-REVIGNY;16240;1172;1285;1285;1375;0,977;6,515;23,545;149,893
LIT 400kV N0 1 CHARPENAY - GREPILLES;56958;2168;2308;2308;2448;1,777;17,251;107,843;686,547
LIT 400kV N0 1 CHARPENAY - PIVOZ-CORDIER;49628;3465;3622;3622;3780;0,793;14,471;97,151;618,482
LIT 400kV N0 1 CHARPENAY - ST-VULBAS-OUEST;56864;2300;2450;2450;2600;1,711;17,373;107,493;684,322
LIT 400kV NO 2 CHARPENAY-ECHALAS;32880;3465;3622;3622;3780;0,533;9,712;65,537;417,219
LIT 400kV NO 2 CHARPENAY-GREPILLES;56975;2168;2308;2308;2448;1,712;17,367;107,36;683,478
LIT 400kV NO 2 CHARPENAY-ST-VULBAS-OUEST;56822;2300;2450;2450;2600;1,711;17,374;107,35;683,411
LIT 225kV N0 1 CHAVANOD-GENISSIAT-POSTE;39113;617;659;685;742;4,69;16,11;56;
LIT 225kV NO 1 CHESNOY (LE)-COURTRY;19948;899;984;984;1061;1,747;8,063;28,208;179,581
LIT 225kV N0 1 CHESNOY (LE)-NEMOURS;36369;520;782;782;998;2,114;14,347;52,954;337,116
LIT 225kV NO 1 CHESNOY (LE)-ROUSSON;45817;786;867;867;948;4,082;18,523;89,38;569,01
LIT 225kV NO 2 CHESNOY (LE)-COURTRY;20002;920;920;1100;1100;1,181;7,961;44,803;285,225
LIT 225kV NO 3 CHESNOY (LE)-COURTRY;20002;890;890;1130;1130;1,17;7,98;43;
LIT 400kV N0 1 CHESNOY (LE) - CIROLLIERS;59413;1022;1614;1614;1956;1,823;20,419;98,911;629,688
LIT 400kV N0 1 CHESNOY (LE) - MERY-SUR-SEINE;82126;2366;2596;2596;2778;;;;
LIT 400kV N0 1 CHESNOY (LE) - MORBRAS;47257;2300;2522;2522;2696;1,451;15,877;81,413;518,289
LIT 400kV N0 1 CHESNOY (LE) - TABARDERIE;91716;2138;2356;2356;2522;2,847;31,537;157,016;999,594
LIT 400kV NO 2 CHESNOY (LE)-CIROLLIERS;59375;1022;1614;1614;1956;1,819;20,373;98,798;628,969
LIT 400kV N0 2 CHESNOY (LE)-MERY-SUR-SEINE;82301;2366;2596;2596;2778;2,468;25,046;154,853;985,823
LIT 400kV NO 2 CHESNOY (LE)-MORBRAS;47265;2300;2400;2400;2600;1,451;15,878;81,439;518,458
LIT 400kV N0 2 CHESNOY (LE)-TABARDERIE;88132;2814;3110;3110;3338;1,854;26,679;169,573;1079,532
LIT 400kV N0 3 CHESNOY (LE)-TABARDERIE;88086;2814;3110;3110;3338;1,838;26,463;167,287;1064,985
LIT 225kV NO 1 CHEVIRE-CORDEMAIS-POSTE;26236;1175;1258;1258;1347;1,493;10,134;37,438;238,338
LIT 225kV NO 1 CHEVIRE-MERLATIERE;52396;1249;1337;1337;1432;2,997;20,647;75,998;483,815
LIT 225kV NO 1 CHEVIRE-VERTOU;11895;706;821;821;911;1,074;4,891;16,549;105,352
LIT 400kV N0 1 CHEVALET - GAVRELLE;29821;3465;3622;3622;3780;0,595;7,809;64,662;411,649
LIT 400kV N0 1 CHEVALET - LATENA;66195;2366;2596;2596;2778;1,977;20,03;124,853;794,838
LIT 400kV N0 1 CHEVALET - WARANDE;103283;2570;2718;2718;2914;3,115;31,604;195,822;1246,642
LIT 400kV NO 2 CHEVALET-GAVRELLE;29821;3465;3622;3622;3780;0,598;7,859;65,085;414,346
LIT 400kV NO 2 CHEVALET-LATENA;66209;2366;2596;2596;2778;1,97;19,967;124,238;790,926
LIT 400kV NO 2 CHEVALET-WARANDE;103253;2570;2718;2718;2914;3,113;31,59;195,749;1246,175
LIT 225kV NO 1 CHOLET-DISTRE;66007;915;915;1075;1075;3,953;26,547;100,54;640,054
LIT 225kV N0 1 CHOLET - MAUGES (LES);25072;1249;1337;1337;1434;1,565;10,41;37,689;239,935
LIT 225kV NO 1 CHOLET-VAL-DE-SEVRE;38688;803;858;858;918;4,502;16,299;53,157;338,407
LIT 225kV NO 2 CHOLET-DISTRE;89929;957;1023;1023;1096;7,299;36,334;127,618;812,439
LIT 225kV NO 1 CHOOZ-MAZURES;29393;1100;1187;1187;1302;0,852;8,755;57,637;366,925
LIT 225kV NO 2 CHOOZ-MAZURES;29849;843;909;909;996;0,759;9,395;55,28;351,923
LIT 225kV N0 1 CIROLLIERS - LOGES (LES);7205;880;880;1130;1130;0,4;2,709;35,374;225,201
LIT 225kV N0 2 CIROLLIERS - LOGES (LES);7205;880;880;1130;1130;0,377;2,555;34,821;221,677
LIT 400kV N0 1 CIROLLIERS - GATINAIS;53850;3465;3622;3622;3780;1,068;14,027;116,258;740,123
LIT 400kV N0 1 CIROLLIERS - VILLEJUST;19640;2300;2522;2522;2696;0,609;6,8;32,768;208,607
LIT 400kV NO 2 CIROLLIERS-GATINAIS;52955;3465;3622;3622;3780;1,067;14,021;116,217;739,86
LIT 400kV NO 2 CIROLLIERS-VILLEJUST;19807;2300;2522;2522;2696;0,614;6,865;33,035;210,31
LIT 400kV N0 3 CIROLLIERS-VILLEJUST;21904;1812;1988;1988;2124;0,928;7,271;38,253;243,524
LIT 225kV NO 1 CISSAC-MARQUIS (LE);39310;1172;1248;1248;1310;2,285;15,118;108,21;
LIT 225kV N0 1 CIZE-FLEYRIAT;24233;1059;1067;1141;1212;1,216;7,669;57,431;365,614
LIT 225kV N0 1 CIZE-IZERNORE;6970;1059;1141;1141;1215;0,454;2,701;10,02;63,791
LIT 225kV NO 1 CLEON-GRAND-COURONNE;5470;1308;1408;1408;1478;0,328;2,197;7,876;50,137
LIT 225kV NO 1 CLEON-MANOIR (LE);14651;1270;1366;1366;1433;0,88;5,92;21;
LIT 225kV NO 2 CLEON-GRAND-COURONNE;5473;1308;1408;1408;1478;0,329;2,198;7,908;50,342
LIT 225kV NO 1 COLAYRAC-DONZAC;29278;831;984;984;1099;1,756;11,772;41,8;266,109
LIT 225kV NO 1 COLAYRAC-GUPIE;53496;895;980;;1070;3,214;21,383;77,387;492,659
LIT 225kV NO 1 COMMERVEIL-CHAMPFLEUR;21943;1249;1316;1316;1389;1,317;8,75;31,778;202,308
LIT 225kV NO 1 COMPIEGNE-LATENA;35410;881;964;964;1040;3,041;14,566;49,468;314,924
LIT 225kV N0 1 COMPIEGNE-MORU;21472;716;817;817;910;1,82;8,91;29,45;
LIT 225kV N0 1 CONCARNEAU - POTEAU-ROUGE;56304;1056;1123;1123;1189;3,245;22,203;81,679;519,984
LIT 225kV N0 1 CONCARNEAU-SQUIVIDAN;26103;1056;1123;1123;1189;1,516;10,244;37,528;238,911
LIT 225kV NO 1 CONFLUENT-CHAMPAGNIER;22412;618;718;718;800;1,76;9,15;30;
LIT 225kV NO 1 CONFLUENT-PARISET;2045;850;850;1078;1078;0,12;0,78;9;
LIT 225kV NO 1 CONTAMINE-GRAND-COEUR;8384;966;1076;1076;1168;0,548;3,245;12,125;77,19
LIT 225kV NO 1 CONTAMINE-MALGOVERT;27527;565;673;673;765;2,26;10,86;38;
LIT 225kV NO 1 COQUAINVILLIERS-DRONNIERE (LA);41564;955;955;1130;1130;2,484;16,711;69,036;439,497
LIT 225kV NO 1 COQUAINVILLIERS-ROUGEMONTIER;46232;1308;1408;1408;1478;2,797;18,835;66,651;424,314
LIT 225kV NO 1 COQUAINVILLIERS-TOURBE;36875;1308;1408;1408;1478;2,212;14,928;52,505;334,257
LIT 225kV NO 2 COQUAINVILLIERS-ROUGEMONTIER;46234;1308;1408;1408;1478;2,765;18,62;65,864;419,3
LIT 225kV NO 1 CORDEMAIS-POSTE-GUERSAC;25350;990;990;1210;1210;1,464;9,802;70,371;447,997
LIT 225kV N0 1 CORDEMAIS-POSTE - POTEAU-ROUGE;130633;1249;1337;1337;1434;7,762;51,773;188,263;1198,522
LIT 225kV N0 1 CORDEMAIS-POSTE-PONTCHATEAU;30704;829;909;909;984;2,524;12,411;43,493;276,888
LIT 225kV NO 1 CORDEMAIS-POSTE-ST-JOSEPH;35568;795;795;858;918;2,799;14,163;55,983;356,397
LIT 225kV NO 2 CORDEMAIS-POSTE-PONTCHATEAU;24461;1249;1337;1337;1432;1,421;9,618;35,648;226,939
LIT 400kV N0 1 CORDEMAIS-P - LOUISFERT (poste F);55095;2200;2300;2300;2400;1,686;16,992;104,958;668,184
LIT 400kV NO 2 CORDEMAIS-POSTE-DISTRE;150857;2200;2300;2300;2400;4,521;45,811;284,187;1809,192
LIT 400kV NO 2 CORDEMAIS-P-LOUISFERT (poste F);55184;2200;2300;2300;2400;1,68;16,936;104,619;666,023
LIT 400kV NO 2 CORDEMAIS-POSTE-MARTYRE (LA);238261;2200;2300;2300;2400;7,083;72,149;450,366;2867,118
LIT 225kV NO 1 CORBIERE (LA)-DISTRE;45457;1213;1298;1298;1375;2,766;18,428;63,777;406,02
LIT 225kV NO 2 CORBIERE (LA)-DISTRE;45808;1249;1337;1337;1434;2,745;18,496;65,419;416,468
LIT 225kV NO 3 CORBIERE (LA)-DISTRE;45814;1249;1337;1337;1434;2,745;18,499;65,429;416,532
LIT 225kV NO 1 CORNIER-PRESSY;22797;966;1076;1076;1168;1,453;8,965;33,211;211,43
LIT 225kV NO 2 CORNIER-GENISSIAT-POSTE;39423;396;660;660;830;2,437;15,786;57,103;363,53
LIT 400kV N0 1 CORNIER - GENISSIAT-POSTE;41841;3456;3622;3622;3780;0,764;11,675;86,294;549,362
LIT 400kV N0 1 CORNIER - MONTAGNY-LES-LANCHES;68867;2304;2462;2462;2654;1,649;21,038;133,825;851,956
LIT 225kV NO 1 COSSIGNY-MORBRAS;6135;888;972;972;1049;0,516;2,482;8,671;55,201
LIT 225kV NO 1 COUCHEY-CHAMPVANS;39710;847;985;985;1116;2,388;15,865;57,57;366,499
LIT 225kV NO 1 COUCHEY-VIELMOULIN;29900;800;900;900;1000;1,798;11,941;43,364;276,063
LIT 225kV N0 1 COUDON (LE)-ESCAILLON (L );13200;1062;1160;1160;1238;0,786;5,258;19,284;122,768
LIT 225kV N0 1 COUDON (LE) - NEOULES;16595;1001;1093;1093;1165;1,094;6,574;24,039;153,038
LIT 225kV NO 2 COUDON (LE)-NEOULES;16604;1001;1093;1093;1165;1,096;6,601;23,971;152,605
LIT 400kV N0 1 COULANGE - PIVOZ-CORDIER;90711;2168;2308;2308;2448;2,725;27,563;171,027;1088,79
LIT 400kV N0 1 COULANGE - TAVEL;73242;2144;2284;2284;2448;2,283;21,794;141,686;902,003
LIT 400kV N0 1 COULANGE - TRICASTIN-POSTE (LE);45370;2168;2308;2308;2448;1,371;13,485;84,062;535,158
LIT 400kV NO 2 COULANGE-PIVOZ-CORDIER;90718;2168;2308;2308;2448;2,706;27,369;169,847;1081,278
LIT 400kV NO 2 COULANGE-TRICASTIN-POSTE (LE);45546;2168;2308;2308;2448;1,404;13,77;85,89;546,793
LIT 400kV N0 3 COULANGE - TRICASTIN-POSTE (LE);45546;2168;2308;2308;2448;1,404;13,77;85,89;546,793
LIT 225kV NO 1 CHAMPAGNIER-EYBENS;8400;1093;1178;1178;1253;0,519;3,384;12,283;78,195
LIT 225kV NO 1 CHAMPAGNIER-GRISOLLES;82181;734;856;856;964;5,011;32,529;130,76;832,447
LIT 225kV NO 1 CHAMPAGNIER-MOIRANS;35406;1123;1211;1211;1290;1,075;11,551;63,663;405,294
LIT 225kV NO 1 CHAMPAGNIER-PARISET;9410;570;659;659;739;1,13;3,95;14;
LIT 225kV NO 1 CHAMPAGNIER-SERRE-PONCON;98635;734;856;856;964;5,92;39,82;150;
LIT 225kV N0 2 CHAMPAGNIER - EYBENS;8569;1014;1014;1178;1191;0,517;3,368;12,226;77,833
LIT 225kV NO 1 CHAMPAGNOLE - FRASNE;24838;801;930;930;1053;1,637;9,735;36,168;230,251
LIT 225kV NO 1 CHAMPAGNOLE-GENISSIAT-POSTE;85139;264;437;437;545;11,011;36,498;113,912;725,184
LIT 225kV NO 1 CHAMPAGNOLE-PALENTE;61995;455;555;555;632;8,1;27,071;84,618;538,695
LIT 225kV NO 1 CHAMPVANS-PYMONT;48515;751;923;923;1056;2,767;19,099;70,439;448,426
LIT 225kV N0 1 CRECHETS (LES)-GUARBECQUE;23478;;;;;1,43;9,5;34,517;219,744
LIT 225kV N0 1 CRECHETS (LES) - WEPPES;14607;1273;1346;1346;1453;0,876;5,842;21,111;134,397
LIT 225kV NO 2 CRECHETS (LES)-WEPPES;14426;810;810;945;945;0,872;5,815;28,639;182,319
LIT 225kV N0 1 CRENEY - FRONCLES;84751;899;984;984;1061;6,818;34,112;120,212;765,294
LIT 225kV NO 1 CRENEY-ROSIERES;30108;899;984;984;1061;2,31;12,393;42,021;267,514
LIT 400kV N0 1 CRENEY - MERY-SUR-SEINE;26420;1812;1988;1988;2124;1,172;9,065;44,219;281,508
LIT 400kV N0 1 CRENEY - REVIGNY;84290;2366;2400;2400;2600;2,595;27,828;146;929,462
LIT 400kV N0 1 CRENEY - VIELMOULIN;122400;1684;1854;1854;1986;5,532;42,281;205,432;1307,819
LIT 400kV N0 1 CREYS - GRANDE-ILE;59949;2946;3144;3144;3344;1,271;18,454;114,844;731,119
LIT 400kV N0 1 CREYS - GENISSIAT-POSTE;52982;2750;2875;2875;3000;1,112;16,141;108,028;687,728
LIT 400kV N0 1 CREYS - ST-VULBAS-OUEST;21120;2946;3144;3144;3344;0,445;6,452;40,137;255,518
LIT 400kV NO 2 CREYS-GRANDE-ILE;59961;2946;3144;3144;3344;1,271;18,452;114,833;731,048
LIT 400kV NO 2 CREYS-GENISSIAT-POSTE;52982;2600;2700;2700;2800;1,113;16,161;100,729;641,263
LIT 400kV NO 2 CREYS-ST-VULBAS-OUEST;21120;2946;3144;3144;3344;0,445;6,448;40,112;255,363
LIT 225kV NO 1 CUBNEZAIS-GREZILLAC;34160;932;1049;1049;1126;1,983;13,287;49,369;314,292
LIT 225kV NO 1 CUBNEZAIS-MARQUIS (LE);11884;1748;2048;2048;2222;0,359;3,488;22,04;140,309
LIT 225kV NO 1 CUBNEZAIS-MONTGUYON;36716;951;1104;1104;1170;2,529;14,39;54,08;344,285
LIT 225kV NO 1 CUBNEZAIS-TUILIERES;95931;1080;1185;1185;1289;3,867;26,093;226,232;1440,235
LIT 400kV N0 1 CUBNEZAIS - DONZAC;185782;3150;3307;3307;3465;3,748;49,276;408,942;2603,404
LIT 400kV N0 1 CUBNEZAIS - PLAUD;141227;1850;2194;2194;2370;4,332;48,595;232,649;1481,092
LIT 400kV N0 1 CUBNEZAIS - SAUCATS;62591;2374;2522;2522;2624;1,876;19,02;117,897;750,554
LIT 400kV N0 2 CUBNEZAIS-DONZAC;185799;3150;3307;3307;3465;3,748;49,28;407,805;2596,167
LIT 400kV NO 2 CUBNEZAIS-SAUCATS;62536;2374;2522;2522;2624;1,887;19,144;118,608;755,08
LIT 225kV NO 1 CHAUSSEE (LA)-RECY;26238;1172;1268;1268;1355;1,598;10,643;37,134;236,404
LIT 225kV NO 1 CHAUSSEE (LA)-REVIGNY;38162;1140;1248;1248;1347;2,335;15,545;53,816;342,603
LIT 225kV NO 1 COURTRY-SENART;18326;1172;1285;1285;1388;1,073;7,207;48,209;306,908
LIT 400kV N0 1 DAMBRON - GATINAIS;42285;3465;3622;3622;3780;0,848;11,133;92,236;587,193
LIT 400kV N0 1 DAMBRON - VERGER;55724;2200;2300;2300;2400;1,664;16,881;104,598;665,889
LIT 400kV N0 1 DAMBRON-YVELINES-OUEST;113816;2366;2596;2596;2778;3,477;35,298;219,452;1397,074
LIT 400kV NO 2 DAMBRON-GATINAIS;42289;3465;3622;3622;3780;0,848;11,136;92,259;587,339
LIT 400kV NO 2 DAMBRON-VERGER;55724;2200;2300;2300;2400;1,664;16,882;104,518;665,379
LIT 400kV N0 2 DAMBRON - VILLEJUST;71249;2366;2596;2596;2778;2,213;22,42;139,017;885,012
LIT 225kV NO 1 DAMERY-NOGENTEL;37720;;;;;2,257;15,015;54,374;346,158
LIT 225kV NO 1 DAMERY-VESLE;43188;1172;1285;1285;1388;2,612;17,457;62,854;400,139
LIT 225kV NO 1 DANTOU-TUILIERES;45976;642;757;757;845;4,112;18,659;64,672;411,717
LIT 225kV NO 1 DANTOU-VERLHAGUET;66225;289;543;543;682;5,605;25,282;87,551;557,367
LIT 225kV N0 1 DARSE - FEUILLANE;13143;1233;1320;1320;1389;0,787;5,273;18,883;120,211
LIT 225kV N0 1 DARSE-RASSUEN;17682;795;795;970;970;1,028;6,364;108,307;689,503
LIT 225kV N0 2 DARSE-FEUILLANE;13766;1233;1320;1320;1389;0,725;4,838;22,071;140,51
LIT 225kV NO 1 DECHY-MASTAING;19226;935;1000;1000;1080;1,705;18,414;27,131;172,721
LIT 225kV NO 1 DISTRE-ORANGERIE (L);67333;957;1023;1023;1096;5,963;27,297;94,754;603,221
LIT 400kV N0 1 DISTRE - JUMEAUX (LES);46472;2200;2300;2300;2400;1,395;14,155;87,456;556,761
LIT 400kV NO 2 DISTRE-JUMEAUX (LES);46472;2200;2300;2300;2400;1,394;14,142;87,643;557,955
LIT 225kV N0 1 DOBERIE - RANCE-POSTE;37272;1104;1222;1222;1315;2,133;14,721;54,257;345,412
LIT 225kV N0 1 DOBERIE - TREGUEUX;24854;1217;1266;1266;1322;1,421;9,807;36,182;230,339
LIT 400kV N0 1 DOMLOUP - LAUNAY;70591;3465;3622;3622;3780;1,411;18,548;153,791;979,061
LIT 400kV N0 1 DOMLOUP - LOUISFERT (poste F);49232;2494;2676;2676;2778;1,469;14,91;92,035;585,913
LIT 400kV N0 1 DOMLOUP-PLAINE HAUTE;112008;2200;2300;2300;2400;3,396;36,665;197,396;1256,665
LIT 400kV NO 2 DOMLOUP-LAUNAY;70614;3465;3622;3622;3780;1,412;18,552;153,822;979,261
LIT 400kV NO 2 DOMLOUP-LOUISFERT (poste F);49165;2494;2676;2676;2778;1,469;14,91;92,035;585,913
LIT 225kV NO 1 DONZAC-VERLHAGUET;44328;831;960;984;1099;2,644;17,552;75,05;477,782
LIT 400kV N0 1 DONZAC - LESQUIVE;50522;3255;3600;3600;3780;1,007;13,151;107,82;686,402
LIT 400kV NO 2 DONZAC-VERFEIL;90406;3255;3600;3600;3780;1,797;23,746;195,697;1245,845
LIT 225kV NO 1 DONZENAC-FEROUGE;43009;814;983;983;1099;2,58;17,133;62,279;396,48
LIT 225kV NO 1 DRONNIERE (LA)-FLERS;52330;1250;1312;1312;1375;2,977;20,563;75,817;482,663
LIT 225kV N0 1 DRONNIERE (LA) - TOURBE;10567;1308;1408;1408;1478;0,614;4,094;14,797;94,202
LIT 225kV N0 2 DRONNIERE (LA) - TOURBE;10550;1308;1408;1408;1478;0,615;4,098;14,81;94,285
LIT 225kV N0 1 ENCO-DE-BOTTE-ESCAILLON (L );42400;1062;1160;1160;1238;2,547;16,892;61,469;391,324
LIT 225kV NO 1 ENCO-DE-BOTTE-PALUN (LA);17835;1001;1093;1093;1165;1,12;7,113;25,447;
LIT 225kV N0 1 ENCO-DE-BOTTE - RABATAU;14103;400;400;715;715;0,713;4,3;231,835;1475,909
LIT 225kV N0 1 ENCO-DE-BOTTE - REALTOR;23562;1062;1160;1160;1238;1,336;8,918;32,087;204,274
LIT 225kV NO 2 ENCO-DE-BOTTE-PALUN (LA);17816;1001;1093;1093;1165;1,123;7,058;25,779;164,112
LIT 225kV N0 1 ECHALAS - GIVORS;6946;900;910;1015;1080;0,42;2,89;18;
LIT 225kV NO 1 ECHALAS-RIVIERE (LA);28844;1800;2030;2030;2224;0,865;8,422;57,082;363,397
LIT 225kV NO 1 ECHALAS-SOLEIL (LE);28207;1375;1437;1437;1500;0,89;8,83;54;
LIT 225kV N0 2 ECHALAS - GIVORS;7034;900;910;1015;1080;0,42;2,89;22;140,056
LIT 400kV NO 2 ECHALAS-PIVOZ-CORDIER;16748;3465;3622;3622;3780;0,268;4,901;32,791;208,756
LIT 225kV NO 1 ECHINGHEN-MANDARINS;31993;;;;;1,919;12,79;46,211;294,186
LIT 225kV NO 1 ECHINGHEN-SORRUS;29715;935;935;935;935;2,65;12,047;41,776;265,956
LIT 225kV N0 1 EGUZON-MARMAGNE;92576;274;412;412;476;14,456;40,726;130,06;827,989
LIT 225kV NO 1 EGUZON-MAUREIX (LE);76254;905;1003;1003;1063;6,387;30,781;108,205;688,857
LIT 225kV NO 1 EGUZON-MOUSSEAUX;51013;520;831;831;895;4,591;21,708;85,033;541,339
LIT 225kV NO 1 EGUZON-MONTLUCON;79482;497;596;596;663;10,43;34,48;107;
LIT 225kV N0 1 EGUZON-ORANGERIE (L);94599;409;644;644;761;8,454;38,123;132,089;840,902
LIT 225kV NO 1 EGUZON-STE-FEYRE;41628;832;921;921;975;3,918;16,521;60,131;382,808
LIT 400kV N0 1 EGUZON -  MARMAGNE;88128;2170;2300;2300;2400;2,742;30,811;147,817;941,033
LIT 400kV N0 1 EGUZON - PLAUD;85207;2200;2300;2300;2400;2,641;29,645;141,511;900,886
LIT 400kV N0 1 EGUZON - RUEYRES;225707;1390;1730;;1920;6,694;73,668;400,883;2552,101
LIT 400kV N0 1 EGUZON - VALDIVIENNE;76000;3465;3622;3622;3780;1,518;19,985;165,917;1056,262
LIT 400kV N0 1 EGUZON - VERGER;143761;2200;2300;2300;2400;4,171;45,846;262,724;1672,554
LIT 400kV NO 2 EGUZON-VALDIVIENNE;75954;3465;3622;3622;3780;1,517;19,973;165,821;1055,649
LIT 225kV NO 1 ELANCOURT-MEZEROLLES;27540;1140;1248;1248;1347;1,676;10,871;39,983;254,538
LIT 225kV N0 1 ELANCOURT-ST-AUBIN;18556;511;768;768;979;1,122;7,373;29,429;187,354
LIT 225kV N0 1 ELANCOURT-YVELINES-OUEST;12751;1056;1056;1360;1360;0,298;2,013;469,685;2990,108
LIT 225kV NO 1 ENVAL-ISSOIRE;31568;617;740;740;826;2,87;13,21;47;
LIT 225kV NO 1 ENVAL-VOLVIC;15031;814;983;983;1099;0,87;6,07;21;
LIT 225kV N0 1 ESCAILLON (L ) - NEOULES;24415;935;935;1085;1085;0,956;7,044;397,669;2531,642
LIT 225kV NO 1 FALLOU-NOVION;4998;620;620;690;690;0,157;0,536;233,248;1484,903
LIT 225kV N0 2 FALLOU-NOVION;5478;935;935;1105;1105;0,106;0,916;179,152;1140,517
LIT 225kV N0 2 FALLOU - PLESSIS-GASSOT;19369;930;930;1050;1050;1,106;7,46;45,518;289,78
LIT 225kV NO 1 FAMARS-GROS-CAILLOU;17235;975;1030;1030;1110;1,407;6,986;24,584;156,509
LIT 225kV NO 1 FARRADIERE (LA)-GRANZAY;43118;1249;1337;1337;1434;2,551;17,077;61,137;389,208
LIT 225kV NO 1 FEROUGE-TALAMET;41489;895;980;;1070;2,487;16,515;60,03;382,162
LIT 225kV NO 1 FEUILLANE-LAVERA;17020;1233;1320;1320;1389;1,021;6,858;24,347;154,998
LIT 225kV N0 1 FEUILLANE - PONTEAU;19037;1375;1437;1437;1500;0,554;5,84;35,632;226,84
LIT 225kV NO 1 FEUILLANE-ST-CHAMAS;35580;1233;1320;1320;1389;2,041;13,924;50,96;324,42
LIT 225kV N0 2 FEUILLANE - PONTEAU;19037;835;835;913;913;0,555;5,856;35,706;227,309
LIT 225kV N0 1 FLANDRE - ROMAINVILLE;5295;633;633;738;738;0,16;0,64;140;
LIT 225kV NO 1 FLEAC-MARQUIS (LE);92259;1112;1233;1233;1307;5,538;36,782;133,222;848,116
LIT 225kV NO 1 FLEAC-MONTGUYON;62460;831;921;921;975;7,482;26,459;82,232;523,504
LIT 225kV N0 1 FLEAC-NIORT;86837;524;644;644;717;10,395;37,201;115,915;737,938
LIT 225kV NO 1 FLEAC-SANILHAC;90158;642;757;757;845;8,058;36,644;126,259;803,787
LIT 225kV NO 1 FLERS-LAUNAY;57880;539;675;675;781;5,018;22,63;179,747;1144,305
LIT 225kV NO 1 FLEYRIAT-VOUGLANS;42068;850;959;959;1050;2,82;17,02;62;
LIT 225kV NO 1 FLOIRAC-MARQUIS (LE);24720;929;965;1088;1140;1,506;9,859;49,781;316,919
LIT 225kV NO 1 FLOIRAC-PESSAC;22465;932;1049;1049;1126;1,347;9,018;32,355;205,977
LIT 225kV NO 1 FLORENSAC - ST VINCENT;25831;1161;1241;1241;1306;1,705;10,144;37,663;239,771
LIT 225kV NO 1 FONT (LA)-RIORGES;50746;358;692;692;883;3,015;20,203;73,372;467,102
LIT 225kV NO 1 FOUSCAIS - TAMAREAU;24931;1233;1320;1320;1389;1,495;10,017;35,871;228,364
LIT 225kV NO 2 FOUSCAIS - TAMAREAU;24908;1233;1320;1320;1389;1,495;9,985;35,907;228,591
LIT 400kV N0 1 FRASNE - GENISSIAT-POSTE;99394;1600;1772;1772;1904;3,012;36,863;157,272;1001,225
LIT 400kV N0 1 FRASNE - MAMBELIN;71747;2070;2282;2282;2400;2,068;22,621;130,16;828,622
LIT 225kV NO 1 FREJUS-TRANS;22800;1062;1066;1160;1238;1,383;9,223;47,398;301,747
LIT 225kV NO 2 FREJUS-TRANS;22800;1062;1066;1160;1238;1,397;9,218;47,938;305,184
LIT 225kV NO 1 GIVORS-BANS-GIVORS;558;900;1015;1015;1112;0,02;0,19;0;
LIT 225kV NO 2 GIVORS-BANS-GIVORS;500;468;722;722;899;0,03;0,2;0;
LIT 225kV NO 3 GIVORS-BANS-GIVORS;465;468;722;722;899;0,03;0,23;1;
LIT 225kV NO 1 GROS-CAILLOU-MASTAING;4208;1273;1346;1346;1453;0,253;1,676;6,1;38,835
LIT 225kV NO 2 GROS-CAILLOU-MASTAING;4318;1273;1346;1346;1453;0,259;1,72;6,257;39,833
LIT 225kV NO 3 GROS-CAILLOU-MASTAING;6105;975;1030;1030;1110;0,497;2,478;8,751;55,711
LIT 225kV NO 1 GRAND-COURONNE-ROUGEMONTIER;23798;1308;1408;1408;1478;1,423;9,529;34,165;217,498
LIT 225kV N0 1 GRAND-COURONNE-ST ETIENNE DU ROUVRAY;9071;1300;1350;1350;1400;0,544;3,646;13,062;83,153
LIT 225kV NO 1 GRAND-COURONNE-VAUPALIERE (LA);25989;1308;1408;1408;1478;1,559;10,443;37,189;236,753
LIT 225kV NO 2 GRAND-COURONNE-ROUGEMONTIER;23822;1308;1408;1408;1478;1,43;9,58;34,351;218,688
LIT 225kV N0 2 GRAND-COURONNE-ST ETIENNE DU ROUVRAY;9071;1308;1408;1408;1478;0,544;3,646;13,062;83,153
LIT 225kV NO 2 GRAND-COURONNE-VAUPALIERE (LA);25444;1308;1408;1408;1478;1,53;10,18;36,6;
LIT 225kV NO 3 GRAND-COURONNE-VAUPALIERE (LA);25402;1000;1000;1190;1190;1,53;10,21;43,2;
LIT 225kV NO 1 GRAND-QUEVILLY-VAUPALIERE (LA);9478;820;820;1040;1040;0,56;3,82;35;
LIT 225kV NO 1 GRANDE-SYNTHE-HOLQUE;19435;1308;1408;1408;1478;1,146;7,622;27,637;175,943
LIT 225kV NO 1 GRANDE-SYNTHE-WARANDE;14722;1308;1408;1408;1478;0,884;5,897;21,288;135,526
LIT 225kV NO 2 GRANDE-SYNTHE-WARANDE;14713;1250;1250;1250;1250;0,884;5,893;21,277;135,453
LIT 225kV NO 3 GRANDE-SYNTHE-WARANDE;14198;1308;1408;1408;1478;0,853;5,685;20,547;130,804
LIT 225kV N0 1 GAMPALOUP - MIONS;40129;880;992;992;1086;2,41;16,25;56;
LIT 225kV N0 1 GAMPALOUP - PONT-EVEQUE;24656;880;992;992;1086;1,43;9,66;34;
LIT 225kV N0 1 GANGES - ST VICTOR;77078;325;457;457;572;10,901;30,969;110,277;702,048
LIT 225kV N0 1 GANGES - VIRADEL;58068;302;424;424;531;6,56;23,93;79,454;505,82
LIT 225kV NO 1 GARCHIZY-ST-ELOI;12095;814;930;983;1099;0,689;4,611;29,745;189,365
LIT 400kV N0 1 GATINAIS - GAUGLIN;87032;3195;3561;3561;3780;1,74;22,883;189,832;1208,509
LIT 400kV N0 1 GATINAIS - TABARDERIE;44816;3465;3622;3622;3780;0,899;11,804;97,813;622,697
LIT 400kV NO 2 GATINAIS-GAUGLIN;86978;3195;3561;3561;3780;1,752;22,99;190,43;1212,315
LIT 400kV NO 2 GATINAIS-TABARDERIE;44814;3465;3622;3622;3780;0,899;11,804;97,815;622,71
LIT 225kV NO 1 LA GAUDIERE - LIVIERE;26831;1090;1090;1260;1260;0,821;5,543;80,544;512,758
LIT 225kV NO 1 LA GAUDIERE - MOREAU;24262;946;1010;1010;1063;2,208;9,825;34,221;217,855
LIT 225kV NO 1 LA GAUDIERE - ST VINCENT;55078;1233;1320;1320;1389;3,26;22,082;79,778;507,881
LIT 225kV NO 2 LA GAUDIERE - MOREAU;24293;1233;1320;1320;1389;1,46;9,683;35,237;224,323
LIT 400kV N0 1 GAUDIERE (LA) - ISSEL;59180;2200;2300;2300;2400;1,775;17,931;112,482;716,084
LIT 400kV N0 1 LA GAUDIERE - RUEYRES;175049;2176;2400;2400;2576;5,214;58,322;303,869;1934,492
LIT 400kV N0 1 LA GAUDIERE - TAMAREAU;97048;3150;3392;3392;3590;2,036;29,623;184,215;1172,752
LIT 400kV NO 2 LA GAUDIERE - ISSEL;59180;2200;2300;2300;2400;1,775;17,999;111,619;710,592
LIT 400kV NO 2 LA GAUDIERE - TAMAREAU;97048;3150;3392;3392;3590;2,036;28,774;189,164;1204,252
LIT 400kV N0 2 GAUGLIN-ST-ELOI;70830;3195;3561;3561;3780;1,417;18,639;154,61;984,276
LIT 225kV NO 1 GAVRELLE-PERTAIN;62843;956;1010;1010;1088;5,719;25,952;87,467;556,831
LIT 225kV NO 1 GENISSIAT-POSTE-IZERNORE;27258;862;928;928;987;1,928;9,402;54,635;347,817
LIT 225kV NO 1 GENISSIAT-POSTE-SERRIERES;20269;477;566;566;642;1,98;8,5;28;
LIT 225kV NO 1 GENISSIAT-POSTE-VOUGLANS;40005;853;991;991;1118;2,558;15,756;58,141;370,14
LIT 400kV N0 1 GENISSIAT-POSTE - VIELMOULIN;168213;2200;2556;2556;2800;3,545;51,485;320,809;2042,332
LIT 400kV NO 2 GENISSIAT-POSTE-VIELMOULIN;168248;2200;2556;2556;2864;3,537;51,373;320,113;2037,901
LIT 400kV N0 3 GENISSIAT-POSTE - VIELMOULIN;169194;1236;1236;1236;1236;7,59;58,345;283,746;1806,382
LIT 225kV NO 1 GINESTOUS-LESQUIVE;27394;1080;1185;1185;1289;1,645;10,967;39,599;252,095
LIT 225kV NO 2 GINESTOUS-LESQUIVE;27386;1080;1185;1185;1289;1,644;11,017;39,467;251,258
LIT 225kV N0 1 GIVORS - MIONS;19391;695;782;782;940;1,62;8,05;35;
LIT 225kV NO 2 GIVORS-MIONS;20765;576;917;917;1260;0,668;6,62;37,748;240,312
LIT 225kV NO 2 GIVORS-SOLEIL (LE);34932;639;717;717;783;2,802;13,691;62,194;395,942
LIT 225kV NO 1 GODIN-RUEYRES;46373;637;706;706;793;4,693;19,594;62,849;400,112
LIT 225kV NO 1 GODIN-ST-VICTOR;74374;442;511;511;577;11,175;31,341;99,851;635,67
LIT 225kV NO 1 GODIN-VERLHAGUET;96865;819;897;897;974;8,815;41,177;130,74;832,318
LIT 225kV N0 1 GOURJADE - ST VICTOR;66436;828;908;908;986;5,852;26,821;93,043;592,333
LIT 225kV NO 1 GOURJADE - VERFEIL;69653;828;908;908;986;5,828;28,348;99,127;631,062
LIT 225kV NO 1 GRAFFENSTADEN-MARLENHEIM;18385;843;909;909;996;1,507;7,466;25,948;165,192
LIT 225kV NO 1 GRAFFENSTADEN-SCHEER;23641;654;758;758;857;2,123;9,657;33,092;210,668
LIT 225kV NO 1 GRANZAY-NIORT;26683;1249;1337;1337;1434;1,599;10,685;38,267;243,614
LIT 225kV N0 1 GRANZAY-ST-FLORENT;10767;1249;1337;1337;1434;0,644;4,29;15,509;98,733
LIT 225kV N0 2 GRANZAY - ST-FLORENT;10767;1012;1150;1150;1247;0,645;4,296;15,531;98,871
LIT 400kV N0 1 GRANZAY - JUMEAUX (LES);79944;2200;2300;2300;2400;2,364;24,314;150,815;960,118
LIT 400kV N0 1 GRANZAY - PREGUILLAC;64198;3072;3414;3414;3598;1,35;19,588;121,989;776,608
LIT 400kV N0 1 GRANZAY - VALDIVIENNE;103436;3465;3622;3622;3780;2,07;27,226;225,8;1437,485
LIT 400kV NO 2 GRANZAY-JUMEAUX (LES);79954;2200;2300;2300;2400;2,364;24,317;150,727;959,56
LIT 400kV NO 2 GRANZAY-PREGUILLAC;64213;3072;3414;3414;3598;1,349;19,588;121,987;776,596
LIT 400kV NO 2 GRANZAY-VALDIVIENNE;103445;3465;3622;3622;3780;2,069;27,226;225,797;1437,471
LIT 225kV NO 1 GREZILLAC-GUPIE;43710;831;984;984;1099;2,634;17,483;63,573;404,716
LIT 225kV NO 1 GRISOLLES-SERRE-PONCON;17195;1059;1141;1141;1215;1,064;6,729;24,463;155,739
LIT 225kV NO 1 GROSNE-GUEUGNON;54965;814;983;983;1099;3,29;21,899;79,311;504,909
LIT 225kV NO 1 GROSNE-MACON;59040;618;718;718;807;1,892;19,148;107,529;684,552
LIT 400kV N0 1 GROSNE - ST-VULBAS-OUEST;115235;2238;2382;2382;2526;3,567;39,288;198,805;1265,63
LIT 400kV N0 1 GROSNE - VIELMOULIN;82310;2138;2356;2356;2522;2,549;28,582;136,878;871,392
LIT 225kV N0 1 GUEBWILLER - LOGELBACH;28559;1070;1155;1155;1265;1,722;11,524;40,826;259,905
LIT 225kV N0 1 GUEBWILLER - VOGELGRUN;34526;1070;1155;1155;1265;2,087;13,943;49,171;313,035
LIT 225kV N0 1 HARCOURT (POSTE BLINDE) - RAIE-TORTUE;6997;930;930;1095;1095;0,149;1,351;184,145;1172,307
LIT 225kV N0 2 HARCOURT (POSTE BLINDE)-RAIE-TORTUE;6253;660;660;900;900;0,218;0,842;330,827;2106,11
LIT 225kV N0 1 HAVRE (LE) (POSTE) - PONT-SEPT;3952;2200;2300;2300;2400;0,119;1,154;7,797;49,639
LIT 225kV N0 2 HAVRE (LE) (POSTE) - PONT-SEPT;4244;2200;2300;2300;2400;0,127;1,241;8,38;53,348
LIT 400kV N0 2 HAVRE (LE) (POSTE) - ROUGEMONTIER;54113;2104;2300;2300;2400;1,65;16,594;99,091;630,833
LIT 400kV N0 3 HAVRE (LE) (POSTE) - ROUGEMONTIER;54084;2104;2300;2300;2400;1,57;17,87;87;
LIT 225kV NO 1 HOLQUE-LONGUENESSE;12938;969;969;1061;1061;0,782;5,214;23,441;149,229
LIT 225kV NO 1 HOLQUE-WARANDE;21021;1300;1350;1350;1400;1,263;8,407;30,405;193,563
LIT 225kV NO 2 HOLQUE-LONGUENESSE;12948;1308;1408;1408;1478;0,779;5,192;18,76;119,427
LIT 400kV N0 1 HOUDREVILLE - LOGELBACH;109145;2055;2277;2277;2458;3,091;35,696;191,803;1221,055
LIT 400kV N0 1 HOUDREVILLE - MERY-SUR-SEINE;162860;2366;2596;2596;2778;4,883;49,515;306,8;1953,151
LIT 400kV N0 1 HOUDREVILLE - VINCEY;28045;2214;2450;2450;2630;0,809;8,949;50,988;324,597
LIT 400kV NO 2 HOUDREVILLE-MERY-SUR-SEINE;162850;2366;2596;2596;2778;4,883;49,523;306,846;1953,442
LIT 225kV NO 1 HOURAT (LE)-MARSILLON;48124;419;580;580;720;4,321;19,708;66,967;426,327
LIT 225kV NO 1 HOURAT (LE)-MIEGEBAT;6195;392;542;542;673;0,556;2,595;8,478;53,971
LIT 225kV N0 1 ILE-NAPOLEON-LUTTERBACH;18460;847;985;985;1116;1,107;7,448;26,299;167,426
LIT 225kV N0 1 ILE-NAPOLEON - OTTMARSHEIM;11225;1100;1187;1187;1302;0,673;4,467;16,255;103,485
LIT 400kV N0 1 ISSEL - VERFEIL;38918;2170;2400;2400;2574;1,167;11,809;73,876;470,309
LIT 400kV NO 2 ISSEL - VERFEIL;38897;2170;2400;2400;2574;1,166;11,833;73,294;466,607
LIT 225kV NO 1 ISSOIRE-LIGNAT;20903;1002;1113;1113;1205;1,28;8,47;30;
LIT 225kV NO 1 ISSOIRE-PRATCLAUX;74277;770;928;928;1037;4,546;30,66;103,282;657,513
LIT 225kV NO 1 JALIS-LESQUIVE;71153;828;908;908;986;5,569;28,651;101,393;645,487
LIT 225kV NO 1 JONQUIERES-ST-CESAIRE;21709;1055;1055;1230;1230;1,244;8,273;35,11;223,516
LIT 225kV N0 2 JONQUIERES-ST-CESAIRE;21840;990;990;1165;1165;1,302;8,682;40,102;255,299
LIT 400kV N0 1 JONQUIERES - TAVEL;25266;2462;2644;2644;2798;0,656;7,267;50,509;321,55
LIT 225kV NO 1 KEMBS-OTTMARSHEIM;13944;539;661;661;754;1,24;5,637;19,768;125,847
LIT 225kV NO 1 KEMBS-SIERENTZ;3807;827;891;891;976;0,335;1,586;5,247;33,406
LIT 225kV N0 1 LONG-CHAMP (LE) - SOISSONS-NOTRE-DAME;13165;731;835;835;925;1,112;5,351;18,501;117,783
LIT 225kV NO 1 LOGIS-NEUF-VALENCE;33476;695;782;782;855;2,95;13,684;46,914;298,663
LIT 225kV NO 1 LANDERNEAU-LOSCOAT;25862;1212;1262;1262;1318;1,551;10,314;37,317;237,566
LIT 225kV NO 1 LANDERNEAU-MARTYRE (LA);3870;1217;1266;1266;1322;0,222;1,324;4,89;31,132
LIT 225kV NO 2 LANDERNEAU-MARTYRE (LA);3831;1056;1123;1123;1189;0,249;1,483;5,498;35,002
LIT 225kV N0 1 LANDRES-MOULAINE;19700;1070;1155;1155;1265;1,207;8,015;27,771;176,797
LIT 225kV NO 1 LANDRES-MONTOIS;23325;1100;1187;1187;1302;1,396;9,385;33,851;215,504
LIT 225kV N0 1 LANDRES-STENAY;49025;1100;1187;1187;1302;2,804;19,287;71,207;453,32
LIT 225kV NO 1 LANDRES-VIGY;43185;1070;1155;1155;1265;2,59;17,345;62,144;395,623
LIT 225kV NO 1 LANNEMEZAN-PRAGNERES;62874;737;820;820;889;5,673;25,457;88,754;565,026
LIT 225kV NO 1 LATENA-PERTAIN;16987;1172;1235;1285;1388;1,003;6,694;30,791;196,022
LIT 225kV NO 1 LATENA-ROYE;11268;1172;1285;1285;1388;0,65;4,449;16,333;103,976
LIT 400kV N0 1 LATENA - VILLEVAUDE;102029;2200;2300;2300;2400;3,063;31,059;192,249;1223,894
LIT 225kV NO 1 LAUNAY-RANCE-POSTE;66725;901;988;988;1050;5,956;27,074;93,919;597,91
LIT 400kV N0 1 LAUNAY - TAUTE;82053;3465;3622;3622;3780;1,641;21,58;179,155;1140,537
LIT 400kV N02 LAUNAY-TAUTE;82051;3465;3622;3622;3780;1,641;21,579;179,151;1140,509
LIT 225kV NO 1 LAVERA-PORT-DE-BOUC (CLIENT);8816;1233;1320;1320;1389;0,526;3,524;12,707;80,894
LIT 225kV N0 1 LAVERA - PONTEAU;2540;2200;2300;2300;2400;0,063;0,696;5,328;33,918
LIT 225kV N0 1 LAVERA - SEPTEMES;28904;1062;1160;1160;1238;1,732;11,488;41,797;266,09
LIT 225kV NO 1 LEGUEVIN-LESQUIVE;24939;813;890;890;966;2,266;10,729;35,598;226,621
LIT 225kV N0 1 LEGUEVIN - PORTET-ST-SIMON;17986;813;890;890;966;1,616;7,481;24,699;157,241
LIT 225kV NO 2 LESCAR-MARSILLON;18078;1172;1248;1248;1310;1,085;7,269;26,031;165,72
LIT 225kV NO 1 LESQUIVE-VERLHAGUET;24271;828;908;908;986;2,045;9,143;34,203;217,741
LIT 225kV NO 2 LESQUIVE-VERLHAGUET;25755;813;890;890;966;2,266;10,706;35,577;226,49
LIT 400kV N0 1 LESQUIVE - VERFEIL;40205;3255;3600;3600;3780;0,805;10,592;87,694;558,279
LIT 225kV NO 1 LIGNAT-RULHAT;10255;1032;1146;1146;1241;0,633;4,196;14,352;91,369
LIT 225kV NO 1 LINGOSTIERE-TRINITE-VICTOR;12188;816;889;889;947;1,092;4,937;17,279;
LIT 225kV NO 1 LIVIERE - ST VINCENT;28524;1234;1320;1320;1389;1,661;11,463;41,341;263,185
LIT 400kV N0 1 LOGELBACH - MUHLBACH;30365;2196;2400;2400;2596;0,911;9,256;56,923;362,38
LIT 400kV N0 1 LONNY - MAZURES;10770;2196;2400;2400;2596;0,325;3,36;20,059;127,699
LIT 400kV N0 1 LONNY-MOULAINE;112247;3465;3622;3622;3780;2,26;29,7;245,634;1563,756
LIT 400kV NO 2 LONNY-MASTAING;118259;3465;3622;3622;3780;2,374;31,112;257,916;1641,942
LIT 400kV NO 2 LONNY-MAZURES;10831;2196;2400;2400;2596;0,325;3,339;20,205;128,632
LIT 400kV N0 2 LONNY-MOULAINE;112252;3465;3622;3622;3780;2,259;29,692;245,577;1563,395
LIT 400kV N0 3 LONNY-MASTAING;118189;3465;3622;3622;3780;2,361;31,053;257,801;1641,215
LIT 225kV NO 1 LOSCOAT-MARTYRE (LA);29488;1280;1332;1332;1382;1,705;11,348;41,059;261,392
LIT 225kV NO 1 LUMES-MAZURES;23715;843;909;909;996;1,937;9,449;33,167;211,15
LIT 225kV NO 1 LUMES-MOHON;4700;647;749;749;847;0,395;1,79;6,048;38,503
LIT 225kV NO 1 LUMES-STENAY;44900;1100;1187;1187;1302;2,551;17,609;64,079;407,938
LIT 225kV NO 2 LUMES-MAZURES;22765;843;909;909;996;1,832;8,917;31,202;198,64
LIT 225kV N0 3 LUMES - MOHON;5500;328;554;554;694;0,357;2,325;8,43;53,668
LIT 225kV NO 1 LUTTERBACH-SIERENTZ;22900;847;985;985;1116;1,375;9,214;33,013;210,165
LIT 225kV NO 2 LUTTERBACH-SIERENTZ;22900;847;985;985;1116;1,375;9,208;33,014;210,171
LIT 225kV N0 1 MITRY-MORY (E.D.F.)-SAUSSET;4933;731;835;835;930;0,397;1,989;7,016;44,663
LIT 225kV N0 1 MITRY-MORY (E.D.F.)-VILLEVAUDE;8375;899;984;984;1061;0,727;3,391;11,867;75,548
LIT 400kV N0 1 MERY-SUR-SEINE - VESLE;80810;2200;2300;2300;2400;2,504;26,819;140,848;896,669
LIT 400kV N0 1 MERY-SUR-SEINE - VIELMOULIN;149915;2600;2700;2700;2800;3,149;45,724;284,641;1812,083
LIT 400kV NO 2 MERY-SUR-SEINE-VIELMOULIN;149920;2600;2700;2700;2800;3,147;45,696;284,466;1810,97
LIT 225kV NO 1 MALGOVERT-PASSY;35004;533;622;622;673;4,59;14,74;48;
LIT 225kV NO 1 MALINTRAT-RULHAT;5747;1034;1149;1149;1244;0,355;2,328;8,146;51,856
LIT 225kV NO 2 MALINTRAT-RULHAT;5787;1034;1149;1149;1244;0,357;2,344;8,205;52,237
LIT 225kV NO 1 MAMBELIN-PALENTE;52934;577;706;706;782;6,326;22,083;72,68;462,694
LIT 225kV NO 1 MAMBELIN-PONTARLIER;86680;412;449;449;449;9,519;35,036;121,723;774,911
LIT 225kV NO 1 MAMBELIN-PUSY;77914;525;730;;835;6,231;31,693;109,585;697,642
LIT 225kV NO 2 MAMBELIN-PALENTE;52770;577;706;706;807;3,632;21,629;73,883;470,355
LIT 400kV N0 1 MAMBELIN - SIERENTZ;75255;2070;2282;2282;2400;2,35;24,592;132,447;843,187
LIT 400kV N0 1 MANDARINS - WARANDE;28604;3465;3622;3622;3780;0,572;7,547;62,167;395,767
LIT 225kV NO 1 MANOIR (LE)-ST-PIERRE-DE-BAILLEUL;41848;757;946;946;1075;2,544;16,971;59,613;379,507
LIT 225kV NO 1 MARGERIDE-PRATCLAUX;38458;792;844;844;905;3,738;15,121;55,942;356,139
LIT 225kV NO 1 MARGERIDE-RUEYRES;47388;802;844;844;919;4,645;19,038;67,969;432,705
LIT 400kV N0 1 MARLENHEIM - SCHEER;33046;3294;3622;3622;3780;0,663;8,703;72,079;458,869
LIT 400kV N0 1 MARLENHEIM-VIGY;137596;3465;3622;3622;3780;2,678;36,336;296,537;1887,813
LIT 225kV NO 1 MARMAGNE-MOUSSEAUX;65313;320;496;496;585;7,48;27,751;87,679;558,182
LIT 225kV NO 1 MARMAGNE-VARENNES (-SUR-FOUZON);53196;409;644;644;761;4,746;21,572;74,79;476,126
LIT 400kV N0 1 MARMAGNE - TABARDERIE;86084;1838;2036;2036;2140;3,753;29,361;145,573;926,748
LIT 400kV NO 2 MARMAGNE-TABARDERIE;90623;1410;1890;1890;2114;2,791;30,898;154,039;980,641
LIT 225kV NO 1 MARSILLON-PRAGNERES;84292;565;673;673;765;7,841;34,13;118,814;756,39
LIT 225kV NO 1 MARTYRE (LA)-SQUIVIDAN;51302;1056;1123;1123;1189;3,038;20,399;74,183;472,264
LIT 225kV NO 1 MASQUET-PESSAC;31540;932;1049;1049;1126;1,892;12,554;45,665;290,71
LIT 225kV NO 1 MASTAING-PONT-SUR-SAMBRE;44098;975;976;1030;1104;3,865;17,913;66,137;421,04
LIT 225kV NO 1 MASTAING-PERIZET (LE);24738;975;1030;1030;1110;2,219;10,244;35,644;226,917
LIT 225kV NO 1 MAUBEUGE-PONT-SUR-SAMBRE;6968;956;1010;1010;1088;0,588;2,808;9,873;62,855
LIT 225kV NO 1 MAUGES (LES)-VERTOU;47048;488;682;682;795;4,191;19,19;65,699;418,254
LIT 225kV NO 1 MAUREIX (LE)-PEYRAT-LE-CHATEAU;35567;725;800;;865;2,673;14,733;48,939;311,556
LIT 400kV N0 1 MENUEL - TAUTE;35856;3465;3622;3622;3780;0,72;9,468;78,603;500,4
LIT 400kV N0 1 MENUEL - TOLLEVAST;14210;2662;2878;2878;2996;0,428;4,356;26,731;170,175
LIT 400kV N02 MENUEL-TAUTE;36440;3465;3622;3622;3780;0,729;9,584;79,563;506,516
LIT 400kV NO 2 MENUEL-TOLLEVAST;14210;2662;2878;2878;2996;0,429;4,347;26,977;171,743
LIT 400kV N03 MENUEL-TAUTE;36159;3465;3622;3622;3780;0,72;9,468;78,603;500,4
LIT 400kV N04 MENUEL-TAUTE;36160;3465;3622;3622;3780;0,72;9,468;78,603;500,4
LIT 225kV NO 1 MERLATIERE-SIRMIERE;25917;1249;1337;1337;1432;1,514;10,322;37,288;237,381
LIT 225kV N0 1 MERLATIERE - SOULLANS;43410;1249;1337;1337;1434;2,603;17,492;62,187;395,897
LIT 225kV N0 1 MEZEROLLES - PORCHEVILLE;6148;520;782;782;998;0,371;2,449;8,844;56,301
LIT 225kV N0 2 MEZEROLLES - PORCHEVILLE;6134;520;782;782;998;0,371;2,447;8,849;56,334
LIT 225kV N0 3 MEZEROLLES-PORCHEVILLE;6406;511;768;768;979;0,366;2,445;8,632;54,95
LIT 400kV N0 1 MEZEROLLES - TILLEUL;70737;2200;2300;2300;2400;2,123;21,523;133,337;848,851
LIT 400kV N0 1 MEZEROLLES-YVELINES-OUEST;17274;2200;2300;2300;2400;0,518;5,251;32,561;207,288
LIT 400kV NO 2 MEZEROLLES-TILLEUL;70115;2200;2300;2300;2400;2,106;21,35;132,29;842,184
LIT 400kV NO 2 MEZEROLLES-VILLEJUST;60042;2200;2300;2300;2400;1,802;18,299;112,975;719,223
LIT 225kV NO 1 MIONS-MOIRANS;67808;579;672;672;755;5,95;27,53;92;
LIT 225kV NO 1 MIONS-MOUCHE (LA);13700;1800;2030;2030;2224;0,42;4,24;26;
LIT 225kV NO 1 MIONS-PONT-EVEQUE;18949;880;992;992;1086;1,22;8,32;27;
LIT 225kV NO 1 MIONS-ST-VULBAS-EST;33600;297;442;442;545;3,84;14,24;45;
LIT 225kV N0 1 MIONS-VENISSIEUX;9344;900;1015;1015;1112;0,33;3,01;17;
LIT 225kV NO 2 MIONS-MOUCHE (LA);13921;1800;1940;2030;2224;0,44;4,31;27;
LIT 225kV N0 2 MIONS - VENISSIEUX;9493;1050;1050;1270;1270;0,32;2,83;47;
LIT 225kV NO 1 MOLE (LA)-RUEYRES;81267;622;748;748;834;7,221;34,122;110,947;706,313
LIT 225kV NO 1 MOLE (LA)-STE-FEYRE;105922;578;694;694;774;8,123;41,941;154,044;980,672
LIT 225kV NO 2 MOLE (LA)-RUEYRES;77606;622;748;748;834;6,805;32,206;104,676;666,385
LIT 400kV N0 1 MOLIERE - QUINTES (LES);46831;3465;3622;3622;3780;0,984;12,421;102,268;651,059
LIT 225kV NO 1 MORBRAS-VILLENEUVE-ST-GEORGES;18381;886;886;984;1061;1,37;6,904;74,821;476,325
LIT 400kV N0 1 MORBRAS - VILLEVAUDE;15315;3465;3622;3622;3780;0,244;3,966;37,356;237,815
LIT 400kV N0 2 MORBRAS - VILLEVAUDE;15228;3465;3622;3622;3780;0,233;3,897;33,981;216,329
LIT 225kV NO 1 MOUGINS-PLAN-DE-GRASSE;12987;1000;1000;1160;1185;0,584;4,203;65,078;414,298
LIT 400kV N0 1 MOULAINE - VIGY;61570;3465;3622;3622;3780;1,234;16,217;134,09;853,646
LIT 400kV N0 1 MARQUIS (LE) - SAUCATS;52535;2070;2272;2272;2410;1,595;17,587;89,955;572,668
LIT 400kV N0 1 MONTEZIC (POSTE EXTERIEUR) - RUEYRES;6805;1677;1875;1875;2100;0,163;2,758;9,745;62,039
LIT 225kV NO 1 MONTLUCON-MONTVICQ;17280;555;692;692;790;1,752;7,035;24,243;154,337
LIT 225kV NO 1 MONTOIS-SAINT HUBERT;14580;456;556;556;634;1,92;6,187;19,65;125,097
LIT 225kV NO 1 MONTPELLIER - TAMAREAU;20339;1233;1320;1320;1389;1,217;8,128;29,297;186,513
LIT 225kV NO 2 MONTPELLIER - TAMAREAU;20170;1161;1241;1241;1306;1,309;8,029;29,628;188,617
LIT 225kV N0 3 MONTPELLIER - TAMAREAU;20543;1200;1200;1320;1389;1,216;8,161;39,025;248,442
LIT 225kV NO 1 MONTPEZAT-PRATCLAUX;66141;346;524;524;649;5,976;26,796;93,08;592,563
LIT 400kV N0 1 MUHLBACH - SCHEER;57810;1740;2010;2010;2262;1,59;17,975;107,675;685,477
LIT 400kV N0 1 MUHLBACH-SIERENTZ;32688;2200;2300;2300;2400;1,3;10,8;33,93;216,005
LIT 400kV N0 1 MUHLBACH - VINCEY;111165;2055;2277;2277;2458;3,186;35,994;198,357;1262,781
LIT 400kV N0 2 MUHLBACH-SIERENTZ;32497;2200;2300;2300;2400;1,3;10,7;44,7;284,569
LIT 225kV N0 1 NEMOURS-VILLEMANDEUR;28561;520;782;782;998;1,682;11,498;40,976;260,862
LIT 225kV NO 1 NEOULES-VINS;27764;1057;1057;1160;1224;1,669;11,088;45,903;292,225
LIT 400kV N0 1 NEOULES - REALTOR;67690;2006;2192;2192;2336;2,16;20,427;128,312;816,86
LIT 400kV N0 1 NEOULES - TRANS;45633;2128;2326;2326;2482;1,357;13,765;85,099;541,759
LIT 400kV NO 2 NEOULES-REALTOR;67681;2006;2192;2192;2336;2,16;20,427;128,312;816,86
LIT 400kV N0 2 NEOULES - TRANS;45205;2128;2326;2326;2482;1,357;13,765;85,099;541,759
LIT 225kV N0 1 NIORT - VAL-DE-SEVRE;52463;803;858;858;918;6,196;22,472;73,329;466,824
LIT 225kV N0 1 NOGENTEL-ORMES;57945;;;;;3,502;23,311;84,537;538,177
LIT 225kV NO 1 ONET-LE-CHATEAU-RUEYRES;49985;902;1004;1004;1131;2,935;20,096;71,476;455,028
LIT 225kV N0 1 ORMES-VESLE;23535;1172;1285;1285;1388;1,432;9,593;34,39;218,932
LIT 225kV N0 3 ORMES-VESLE;21661;1140;1248;1248;1347;1,311;8,738;30,562;194,565
LIT 225kV NO 1 PRAZ-ST-ANDRE-SAUSSAZ II (LA);9854;966;1076;1076;1168;0,68;3,98;14;
LIT 225kV N0 1 PIED-DE-BORNE - PRATCLAUX;68823;315;400;400;493;9,132;29,257;90,871;578,503
LIT 225kV N0 1 PLESSIS-GASSOT - SAUSSET;14028;899;984;984;1061;1,154;5,691;20,011;127,395
LIT 225kV N0 1 PLESSIS-GASSOT - SEINE;17062;888;950;972;1049;1,303;6,855;34,486;219,548
LIT 225kV N0 3 PLESSIS-GASSOT - SEINE;16391;1796;1800;1975;2100;0,491;4,808;37,149;236,501
LIT 400kV N0 1 PLESSIS-GASSOT - SAUSSET;13828;2300;2522;2522;2696;0,425;4,707;23,536;149,832
LIT 400kV N0 1 PLESSIS-GASSOT - TERRIER;29084;2300;2522;2522;2696;0,805;9,079;54,359;346,061
LIT 400kV N0 2 PLESSIS-GASSOT - TERRIER;28911;2200;2300;2300;2400;0,802;8,904;55,208;351,462
LIT 400kV N0 3 PLESSIS-GASSOT - TERRIER;27362;3465;3622;3622;3780;0,551;7,223;59,565;379,203
LIT 400kV N0 4 PLESSIS-GASSOT - TERRIER;27372;3465;3622;3622;3780;0,552;7,225;59,588;379,35
LIT 400kV N0 4 PLESSIS-GASSOT - VILLEVAUDE;25390;2200;2300;2300;2400;0,785;8,731;42,808;272,521
LIT 225kV NO 1 PLAINE HAUTE-ROSPEZ;54579;1375;1437;1437;1484;3,275;21,742;79,043;503,205
LIT 225kV NO 1 PLAINE HAUTE-TREGUEUX;13973;1212;1262;1262;1318;0,835;5,58;20,08;127,834
LIT 225kV NO 2 PLAINE HAUTE-TREGUEUX;13946;1280;1332;1332;1382;0,837;5,591;20,121;128,092
LIT 225kV N0 1 PORT-JEROME-ROUGEMONTIER;25271;720;720;950;950;1,498;10,023;68,397;435,432
LIT 225kV N0 1 PORT-JEROME-SANDOUVILLE;22280;1308;1408;1408;1478;1,336;8,951;32,069;204,159
LIT 225kV NO 1 PORT-JEROME-VAUPALIERE (LA);41042;618;745;745;819;3,64;16,84;61;
LIT 225kV N0 1 PLAN-D ORGON - ROQUEROUSSE;19640;816;889;889;947;1,755;8,022;27,658;176,076
LIT 225kV NO 1 PLAN-D ORGON-TAVEL;41590;1062;1160;1160;1238;0,841;10,965;89,757;571,413
LIT 225kV NO 1 PETITE-ROSSELLE-SARREGUEMINES;24575;843;909;909;996;1,985;10,313;36,483;232,259
LIT 225kV NO 1 PETITE-ROSSELLE-ST-AVOLD;15830;715;715;840;840;1,424;6,322;31,429;200,082
LIT 225kV N0 1 POTEAU-ROUGE - SQUIVIDAN;61476;1280;1332;1332;1382;3,689;24,528;88,86;565,699
LIT 225kV N0 1 POTEAU-ROUGE - THEIX;52773;1212;1262;1262;1318;3,166;21,043;76,364;486,15
LIT 225kV NO 1 PONT-SEPT-SAINNEVILLE;11365;455;455;560;560;0,62;3,468;137,916;878,004
LIT 225kV N0 1 PONT-SEPT-SANDOUVILLE;14613;1308;1408;1408;1478;0,877;5,875;21,019;133,813
LIT 225kV N0 1 PORTET-ST-SIMON - RIVENEUVE;54760;813;890;890;966;4,996;22,853;75,248;479,045
LIT 225kV N0 1 PORTET-ST-SIMON - ST-ORENS;11937;780;780;940;940;0,722;4,696;28,834;183,566
LIT 225kV N0 1 PORTET-ST-SIMON -TARASCON;79654;430;550;;630;7,159;32,6;111,97;712,821
LIT 225kV N0 2 PORTET-ST-SIMON - VERFEIL;29255;780;780;940;940;1,773;11,735;54,066;344,193
LIT 225kV N0 3 PORTET-ST-SIMON - VERFEIL;30788;756;858;858;921;2,379;12,608;43,096;274,359
LIT 225kV NO 1 PALUN (LA)-SEPTEMES;16137;1375;1437;1437;1500;0,524;6,439;24,104;153,451
LIT 225kV N0 1 PALUN (LA) - SAINTE-TULLE 1;45834;816;889;889;947;3,511;18,486;65,282;415,598
LIT 225kV NO 2 PALUN (LA)-SEPTEMES;15600;1062;1160;1160;1238;0,911;6,115;21,862;139,176
LIT 225kV NO 1 PASSY-PRESSY;26303;619;687;687;744;2,315;10,285;39,945;254,3
LIT 225kV N0 1 PATIS - REMISE;19879;1035;1035;1235;1235;;;;
LIT 225kV NO 1 PATIS-TERRIER;25455;910;910;1105;1105;1,426;9,744;47,213;300,57
LIT 225kV NO 1 PELISSIER-ST-VICTOR;55118;1018;1117;1117;1213;3,91;22,5;81;
LIT 225kV NO 1 PERIZET (LE)-SETIER;27058;579;709;709;822;2,404;11,2;37,373;237,925
LIT 225kV NO 1 PERTAIN-ROYE;12168;566;692;692;802;1,083;4,936;25,181;160,31
LIT 225kV NO 1 PESSAC-SAUCATS;21293;938;980;1055;1132;1,234;8,332;30,988;197,276
LIT 225kV NO 2 PESSAC-SAUCATS;21233;932;1049;1049;1126;1,235;8,334;31,663;201,575
LIT 225kV NO 1 PLAISANCE-ROMAINVILLE;7921;480;480;835;835;0,393;2,335;171,895;1094,318
LIT 225kV N0 1 PONTEAU - REALTOR;34309;1062;1160;1160;1238;1,009;10,357;63,218;402,457
LIT 225kV N0 2 PONTEAU - REALTOR;34309;1062;1160;1160;1238;1,009;10,364;63,255;402,693
LIT 225kV NO 1 PORCHEVILLE-PUISEUX;22686;511;768;768;979;1,381;9,031;32,695;208,143
LIT 225kV NO 1 PORCHEVILLE-ST-PIERRE-DE-BAILLEUL;48359;1140;1248;1248;1347;2,91;19,42;68,057;433,267
LIT 225kV NO 1 PRATCLAUX-SANSSAC (L'EGLISE);14685;639;717;717;860;1,338;6,033;20,679;131,644
LIT 225kV NO 1 PRELES (LES)-SEREIN;13940;1100;1187;1187;1302;0,842;5,611;20,281;129,112
LIT 225kV NO 2 PRELES (LES)-SEREIN;14135;843;909;909;996;1,266;5,727;19,959;127,06
LIT 225kV N0 1 PIERRETTE (LA) - VERTEFEUILLE;10423;825;825;990;990;0,951;4,24;17,99;114,525
LIT 225kV N0 1 PUSY-ROLAMPONT;74096;827;891;891;976;6,717;30,544;102,916;655,18
LIT 225kV N0 1 PUTEAUX - PUTEAUX IMPASSE LEGAGNEUX;165;;;;;0,01;0,01;5;31,831
LIT 225kV N0 2 PUTEAUX - PUTEAUX IMPASSE LEGAGNEUX;303;;;;;0,01;0,01;5;31,831
LIT 225kV N0 1 PYMONT-VOUGLANS;37473;704;866;866;990;2,284;14,652;54,043;344,048
LIT 225kV NO 1 QUATRE SEIGNEURS - TAMAREAU;11660;855;855;1040;1040;0,684;4,549;29,943;190,626
LIT 225kV NO 1 QUINTES (LES)-ST-CALAIS;39236;1249;1316;1316;1389;2,354;15,737;56,228;357,959
LIT 225kV N0 1 RAIE-TORTUE - VILLEJUST;15924;1040;1285;1285;1388;0,478;4,652;31,519;200,655
LIT 225kV NO 2 RAIE-TORTUE-VILLEJUST;15219;1172;1285;1285;1388;0,453;4,383;29,994;190,948
LIT 225kV NO 1 RASSUEN-ROQUEROUSSE;30192;1062;1160;1160;1238;1,76;12,056;44,545;283,583
LIT 225kV NO 1 REALTOR-SEPTEMES;6966;1062;1160;1160;1238;0,413;2,766;9,904;63,053
LIT 225kV N0 3 REALTOR - SEPTEMES;7112;1062;1160;1160;1238;0,382;2,562;12,325;78,464
LIT 400kV N0 1 REALTOR - TAVEL;91268;2128;2326;2326;2482;2,735;27,716;171,851;1094,04
LIT 400kV N0 2 REALTOR - TAVEL;91202;2128;2326;2326;2482;2,731;27,719;171,787;1093,632
LIT 400kV N0 1 REMISE - TERRIER;28714;3465;3622;3622;3780;0,576;7,565;62,452;397,585
LIT 400kV NO 2 REMISE-TERRIER;28730;3465;3622;3622;3780;0,576;7,568;62,645;398,809
LIT 400kV N0 1 REVIGNY - VIGY;128838;2196;2422;2422;2596;3,893;41,123;228,547;1454,977
LIT 225kV NO 1 RICHEMONT-SAINT HUBERT;3770;413;714;714;899;0,254;1,501;5,381;34,258
LIT 225kV NO 1 RIVENEUVE-TARASCON;35577;716;807;807;887;3,286;14,921;49,593;315,716
LIT 225kV NO 1 RIVIERE (LA)-TREVAS;27117;639;717;717;783;2,465;11,382;36,983;235,438
LIT 225kV NO 1 ROGNAC-ROQUEROUSSE;24566;1062;1160;1160;1238;1,492;10,006;34,872;
LIT 225kV NO 1 ROGNAC-ST-CHAMAS;14043;1062;1160;1160;1238;0,848;5,624;20,464;130,279
LIT 225kV NO 1 ROMAINVILLE-VILLEVAUDE;20202;480;480;782;835;1,394;7,184;184,865;1176,89
LIT 225kV NO 2 ROMAINVILLE-VILLEVAUDE;19154;480;480;835;835;1,252;6,998;173,612;1105,248
LIT 225kV NO 1 ROUGEMONTIER-YAINVILLE;26893;757;946;946;1075;1,618;10,872;38,314;243,916
LIT 400kV N0 1 ROUGEMONTIER - TILLEUL;41287;2200;2300;2300;2400;1,192;12,086;74,818;476,309
LIT 400kV N0 1 ROUGEMONTIER - TOURBE;82949;3416;3622;3622;3780;1,749;25,373;158,222;1007,271
LIT 400kV NO 2 ROUGEMONTIER-TILLEUL;41169;2200;2300;2300;2400;1,192;12,086;74,818;476,309
LIT 400kV NO 2 ROUGEMONTIER-TOURBE;83032;3416;3622;3622;3780;1,735;25,184;157,077;999,985
LIT 225kV NO 1 ROUSSON-SEREIN;42580;435;595;;680;3,821;17,297;59,964;381,742
LIT 225kV NO 1 ROQUEROUSSE-ST-ESTEVE;23308;1034;1128;1128;1203;1,439;9,427;32,89;209,387
LIT 225kV NO 1 RUEYRES-SAVIGNAC;45790;548;606;606;678;5,109;19,887;62,697;399,14
LIT 225kV NO 1 SERRE-PONCON-SISTERON;42224;862;928;928;987;3,508;16,913;59,833;380,908
LIT 225kV NO 1 SAINNEVILLE-YAINVILLE;49270;769;872;872;961;4,38;19,966;71,675;456,298
LIT 225kV NO 1 SANILHAC-TUILIERES;46667;289;543;543;682;4,218;19,176;65,51;417,052
LIT 225kV NO 1 SANSSAC (L'EGLISE)-TREVAS;36870;639;717;717;783;4,442;15,838;48,789;310,601
LIT 225kV N0 1 SAUSSET-VILLEVAUDE;11001;750;850;850;895;0,985;4,45;15,531;98,876
LIT 400kV N0 1 SAUSSET - VILLEVAUDE;11504;2200;2300;2300;2400;0,354;3,946;19,342;123,138
LIT 225kV NO 1 SEREIN-TONNERRE;23150;1100;1187;1187;1302;1,393;9,486;32,796;208,784
LIT 400kV N0 1 SEREIN - VIELMOULIN;95230;2138;2356;2356;2522;2,952;33,112;158,815;1011,05
LIT 225kV NO 1 SERRIERES-ST-VULBAS-EST;50471;204;397;397;493;6,685;21,696;66,891;425,839
LIT 225kV NO 1 SOLEIL (LE)-VOLVON;14948;1123;1211;1211;1290;0,897;5,987;21,555;137,226
LIT 225kV NO 1 ST-AUBAN-SAINTE-TULLE 1;42091;678;729;729;775;5,042;18,112;56,495;359,656
LIT 225kV N0 1 ST-AVOLD-VIGY;32825;1412;1412;1639;1639;0,723;9,937;74,415;473,742
LIT 400kV N0 1 ST-AVOLD - VIGY;34074;1150;1150;1350;1350;0,677;8,928;82,226;523,467
LIT 225kV NO 1 ST CESAIRE - ST CHRISTOL;27156;597;676;676;724;3,42;11,744;36,006;229,221
LIT 225kV N0 1 ST-ELOI - VIGNOL;63891;617;740;740;826;5,403;26,383;88,947;566,256
LIT 225kV NO 1 ST-ESTEVE-SAINTE-TULLE 1;34371;280;647;647;824;1,993;13,509;50,07;318,753
LIT 225kV NO 1 ST-JULIEN-VIGY;7202;1100;1187;1187;1302;0,433;2,901;10,387;66,124
LIT 225kV NO 1 ST-ORENS-VERFEIL;17610;1080;1185;1185;1289;1,057;7,079;25,364;161,471
LIT 400kV N0 1 ST-VULBAS-OUEST - VIELMOULIN;198069;2300;2450;2450;2600;3,946;54,59;416,067;2648,765
LIT 400kV N0 1 TAMAREAU - TAVEL;91293;4400;4500;4500;4500;2,036;28,884;171,542;1092,07
LIT 400kV NO 2 TAMAREAU - TAVEL;91272;4400;4500;4500;4500;2,036;28,884;171,542;1092,07
LIT 400kV N0 1 TAUTE - TERRETTE;13998;3465;3622;3622;3780;0,28;3,682;30,568;194,6
LIT 400kV N02 TAUTE-TERRETTE;13998;3465;3622;3622;3780;0,28;3,682;30,568;194,6
LIT 225kV N0 1 TAVEL - VIRADEL;46486;985;985;1129;1165;2,891;18,245;86,919;553,344
LIT 225kV N0 2 TAVEL - VIRADEL;46832;985;985;1129;1165;2,908;18,35;98,712;628,419
LIT 400kV N0 1 TAVEL - TRICASTIN-POSTE (LE);41133;2212;2380;2380;2498;1,294;12,506;77,834;495,504
LIT 400kV NO 2 TAVEL-TRICASTIN-POSTE (LE);41181;2212;2380;2380;2498;1,294;12,506;77,834;495,504
LIT 400kV N0 3 TAVEL - TRICASTIN-POSTE (LE);52405;2334;2470;2470;2596;1,686;15,385;102,074;649,824
LIT 400kV N0 4 TAVEL - TRICASTIN-POSTE (LE);39327;4400;4500;4500;4500;0,589;10,034;87,209;555,189
LIT 400kV N0 5 TAVEL - TRICASTIN-POSTE (LE);39327;3465;3622;3622;3780;0,589;10,025;87,128;554,671
LIT 400kV N0 1 TERRETTE - TOURBE;69804;3416;3622;3622;3780;1,466;21,29;132,674;844,628
LIT 400kV NO 2 TERRETTE-TOURBE;69842;3416;3622;3622;3780;1,469;21,342;132,887;845,986
LIT 225kV N0 1 TRANS - VINS;38676;1000;1000;1160;1185;2,301;15,304;57,173;363,976
LIT 225kV NO 1 VAUPALIERE (LA)-YAINVILLE;16018;599;746;746;847;1,433;6,577;29,598;188,427
LIT 400kV N0 1 VERGER - VILLERBON;26844;2200;2300;2300;2400;0,805;8,172;50,492;321,441
LIT 400kV NO 2 VERGER-VILLERBON;26822;2200;2300;2300;2400;0,806;8,182;50,529;321,677
LIT 225kV NO 1 VERTEFEUILLE-WEPPES;12642;1273;1346;1346;1453;0,758;5,074;18,216;115,966
LIT 225kV N0 1 VINCEY-VITTEL;35257;881;964;964;1040;2,119;14,104;50,94;324,295
LIT 400kV N0 1 WARANDE-WEPPES;65573;3078;3266;3266;3458;1,628;20,841;117,65;748,983
LIT 400kV N0 1 ACHENE - LONNY;63193;2000;2120;2120;2240;1,57;19,76;122;776,676
LIT 225kV N0 1 AUBANGE - MT-SAINT-MARTIN;3830;1161;1230;1230;1300;0,235;1,879;6,316;40,21
LIT 225kV N0 1 AUBANGE - MOULAINE;15162;1161;1230;1230;1300;0,791;6,325;21,255;135,316
LIT 400kV N0 1 AVELGEM - MASTAING;76640;2000;2120;2120;2240;1,91;23,37;208,22;
LIT 400kV N0 2 AVELGEM - AVELIN;42661;2322;2461;2461;2600;1,068;13,566;77,476;493,227
LIT 225kV N0 1 EICHSTETTEN - VOGELGRUN;18400;1100;1187;1187;1290;1,073;5,952;5,085;32,37
LIT 400kV N0 1 EICHSTETTEN - MUHLBACH;31775;2720;2720;2720;2720;0,763;8,205;35,107;223,499
LIT 225kV N0 1 ENSDORF - ST-AVOLD;19946;740;740;740;740;1,671;7,682;49,885;317,579
LIT 400kV N0 1 ENSDORF - VIGY;40208;2720;2720;2720;2720;0,736;10,275;89,405;569,171
LIT 225kV N0 1 MONCEAU - CHOOZ;50530;1057;1120;1120;1184;3,085;22,481;54,431;346,519
