début;fin;x_debut;y_debut;x_fin;y_fin
AGASSES (LES);JONQUIERES;833488,7;6311078,22;827362,47;6304728,52
AGASSES (LES);TAVEL;833488,7;6311078,22;831766,12;6325302,14
AIRVAULT;BONNEAU;461815,92;6640665,9;500528,83;6614329,01
AIRVAULT;JUMEAUX (LES);461815,92;6640665,9;465746,33;6638065,45
ALBERTVILLE;CHAVANOD;966091,33;6512645,85;938859,57;6537405,29
ALBERTVILLE;CONTAMINE;966091,33;6512645,85;977513,9;6494533,2
ALBERTVILLE;LONGEFAN;966091,33;6512645,85;963125,21;6470593,89
ALBERTVILLE;MALGOVERT;966091,33;6512645,85;995305,09;6509202,75
ALBERTVILLE;VENTHON-POSTE;966091,33;6512645,85;964858,94;6515970,74
ALBERTVILLE;GRANDE-ILE;966091,33;6512645,85;936573,13;6490238,03
ALBERTVILLE;MONTAGNY-LES-LANCHES;966091,33;6512645,85;937102,21;6534109,34
ALBERTVILLE;GRANDE-ILE;966091,33;6512645,85;936573,13;6490238,03
ALBERTVILLE;GRANDE-ILE;966091,33;6512645,85;936573,13;6490238,03
ALLINGES;CORNIER;967572,94;6587058,59;954457,58;6559211,94
ALLINGES;CORNIER;967572,94;6587058,59;954457,58;6559211,94
ANOULD;ETIVAL;994212,67;6794553,09;986432,48;6815902,68
AOSTE;BISSY;903596,51;6501616,59;926000,96;6503192,81
AQUEDUCS (LES);CIROLLIERS;657893,42;6832792,06;649765,71;6827885,17
AQUEDUCS (LES);CIROLLIERS;657893,42;6832792,06;649765,71;6827885,17
AQUEDUCS (LES);CIROLLIERS;657893,42;6832792,06;649765,71;6827885,17
ARDOISE (L );MOTTE (LA);836386,89;6333359,62;846583,17;6322819,1
ARDOISE (L );TAVEL;836386,89;6333359,62;831766,12;6325302,14
ARDOISE (L );TAVEL;836386,89;6333359,62;831766,12;6325302,14
ARDOISE (L );TAVEL;836386,89;6333359,62;831766,12;6325302,14
ARGIA;MOUGUERRE;341252,12;6268102,06;340761,73;6275152,46
ARGIA;MOUGUERRE;341252,12;6268102,06;340761,73;6275152,46
ARGIA;CANTEGRIT;341252,12;6268102,06;388514,05;6331721,02
ARGIESANS;ETUPES;986471,83;6729287,34;989526,9;6718947,56
ARGIESANS;SIERENTZ;986471,83;6729287,34;1035577,23;6736880,99
ARGOEUVES;BRAILLY-CORNEHOTTE;646137,37;6982613,27;626459,46;7016038,26
ARGOEUVES;BLOCAUX;646137,37;6982613,27;612258,67;6964354,33
ARGOEUVES;BEAUCHAMPS;646137,37;6982613,27;594161,52;6990820,25
ARGOEUVES;CHEVALET;646137,37;6982613,27;674135,22;7009120,31
ARGOEUVES;MANDARINS;646137,37;6982613,27;614318,47;7090366,35
ARGOEUVES;PENLY;646137,37;6982613,27;572694,25;6986995,46
ARGOEUVES;TERRIER;646137,37;6982613,27;646009,4;6902215,34
ARGOEUVES;CHEVALET;646137,37;6982613,27;674135,22;7009120,31
ARGOEUVES;PENLY;646137,37;6982613,27;572694,25;6986995,46
ARGOEUVES;TERRIER;646137,37;6982613,27;646009,4;6902215,34
ARGOEUVES;TERRIER;646137,37;6982613,27;646009,4;6902215,34
ARLOD;GENISSIAT-POSTE;917643,54;6559158,44;916717,15;6554356,27
ARNAGE;QUINTES (LES);489730,15;6761643,42;493797,27;6757441,25
ARNAGE;QUINTES (LES);489730,15;6761643,42;493797,27;6757441,25
ARRIGHI;CHARENTON;657785,16;6854201,49;656192,21;6857820,42
ARRIGHI;MORBRAS;657785,16;6854201,49;673992,03;6853299,64
ARRIGHI;VILLENEUVE-ST-GEORGES;657785,16;6854201,49;659328,74;6850460,59
ARRIGHI;CHARENTON;657785,16;6854201,49;656192,21;6857820,42
ARRIGHI;MORBRAS;657785,16;6854201,49;673992,03;6853299,64
ATTAQUES (LES);ECHINGHEN;623487,4;7092220,79;603747,19;7067531,02
ATTAQUES (LES);MANDARINS;623487,4;7092220,79;614318,47;7090366,35
ATTAQUES (LES);MANDARINS;623487,4;7092220,79;614318,47;7090366,35
ATTAQUES (LES);WARANDE;623487,4;7092220,79;640900,56;7095113,03
AUBE;COMMERVEIL;520422,49;6851987,17;505502,49;6805048,37
AUBE;MEZEROLLES;520422,49;6851987,17;607795,98;6871087,74
AUBUSSON;EGUZON;637297,71;6539665,73;594090,84;6596206,45
AUBUSSON;LA MOLE;637297,71;6539665,73;649678,21;6477396,94
AULNOYE;PONT-SUR-SAMBRE;758337,28;7011545,98;761730,78;7014863,43
AUSSOIS;PRAZ-ST-ANDRE;991039,42;6464412,8;981471,89;6462767,65
AUZAT;TARASCON;575267,58;6186034,29;585217,4;6195682,28
AVALLON;VIGNOL;769184,36;6711064,1;748988,06;6693907,13
AVELIN;COURRIERES;705839,17;7047564,58;695054,9;7039183,89
AVELIN;MASTAING;705839,17;7047564,58;720796,5;7022197,91
AVELIN;GAVRELLE;705839,17;7047564,58;691870,74;7026556,06
AVELIN;MASTAING;705839,17;7047564,58;720796,5;7022197,91
AVELIN;WEPPES;705839,17;7047564,58;692641,1;7060715,89
AVELIN;MASTAING;705839,17;7047564,58;720796,5;7022197,91
AVELIN;WARANDE;705839,17;7047564,58;640900,56;7095113,03
AVIGNON;CHATEAURENARD;845648,29;6321167,78;849278,4;6309008,68
AVIGNON;MOTTE (LA);845648,29;6321167,78;846583,17;6322819,1
AVOINE;DISTRE;485374,68;6684069,13;464320,67;6683192,95
AVOINE;LARCAY;485374,68;6684069,13;531519,74;6697057,25
AVOINE;DISTRE;485374,68;6684069,13;464320,67;6683192,95
AVOINE;LARCAY;485374,68;6684069,13;531519,74;6697057,25
AVOINE2;AVOINE;485516,99;6684958,09;485374,68;6684069,13
AVOINE2;DISTRE;485516,99;6684958,09;464320,67;6683192,95
AVOINE2;QUINTES (LES);485516,99;6684958,09;493797,27;6757441,25
BROC-CARROS (LE);LINGOSTIERE;1037186,21;6309406,43;1037382,74;6300029,85
BROC-CARROS (LE);TRINITE-VICTOR;1037186,21;6309406,43;1047624,42;6303729,26
BROC-CARROS (LE);LINGOSTIERE;1037186,21;6309406,43;1037382,74;6300029,85
BROC-CARROS (LE);TRINITE-VICTOR;1037186,21;6309406,43;1047624,42;6303729,26
BROC-CARROS (LE);BIANCON;1037186,21;6309406,43;1009732,41;6284842,68
BROC-CARROS (LE);BIANCON;1037186,21;6309406,43;1009732,41;6284842,68
BRAILLY-CORNEHOTTE;SORRUS;626459,46;7016038,26;609087,32;7040529,32
BELLE-EPINE;DOMLOUP;346549,04;6791489,13;361060,47;6786669,25
BELLE-EPINE;RANCE-POSTE;346549,04;6791489,13;329297,04;6847029,8
BEAUMONT-MONTEUX;VALENCE;851746,82;6437297,51;852051,1;6426150,35
BEAUMONT-MONTEUX;GAMPALOUP;851746,82;6437297,51;843593,85;6472319,77
BEAUMONT-MONTEUX;CHAFFARD (LE);851746,82;6437297,51;865239,65;6509161,77
BEAUMONT-MONTEUX;COULANGE;851746,82;6437297,51;836686,6;6394067,4
BOIS-TOLLOT;GENISSIAT-POSTE;935321,61;6576879,53;916717,15;6554356,27
BACALAN;BRUGES;420088,26;6426635,08;413003,97;6427889,02
BACALAN;MARQUIS (LE);420088,26;6426635,08;420635,2;6440107,39
BAIXAS;GAUDIERE (LA);683929,69;6181289,44;673780,9;6238014,58
BAIXAS;GAUDIERE (LA);683929,69;6181289,44;673780,9;6238014,58
BALARUC;FLORENSAC;757254,42;6260928,44;738988,76;6254253,2
BALARUC;MONTPELLIER;757254,42;6260928,44;768636,66;6276073,49
BALMA (POSTE);VERFEIL;578534,28;6280725,33;592807,54;6282056,56
BALMA (POSTE);VERFEIL;578534,28;6280725,33;592807,54;6282056,56
BARBUISE;CRENEY;743678,93;6829119,42;784381,22;6805251,04
BARBUISE;FOSSES (LES);743678,93;6829119,42;708129,21;6854434,34
BARNABOS;PENLY;556431,48;6952807,9;572694,25;6986995,46
BARNABOS;REMISE;556431,48;6952807,9;622186,19;6910360,58
BARNABOS;ROUGEMONTIER;556431,48;6952807,9;535293,77;6918286,96
BARNABOS;TERRIER;556431,48;6952807,9;646009,4;6902215,34
BARNABOS;VAUPALIERE (LA);556431,48;6952807,9;555700,5;6933393,68
BARNABOS;PENLY;556431,48;6952807,9;572694,25;6986995,46
BARNABOS;REMISE;556431,48;6952807,9;622186,19;6910360,58
BARNABOS;ROUGEMONTIER;556431,48;6952807,9;535293,77;6918286,96
BARNABOS;TERRIER;556431,48;6952807,9;646009,4;6902215,34
BARNABOS;VAUPALIERE (LA);556431,48;6952807,9;555700,5;6933393,68
BASTILLAC;LANNEMEZAN;459364,36;6240724,03;486407,82;6225398,67
BATZENDORF;MARLENHEIM;1046800,3;6865844,56;1033493,35;6844194,48
BAYET;MONTVICQ;722665,96;6574861,29;686225,64;6578463,72
BAYET;RULHAT;722665,96;6574861,29;720943,39;6523761,2
BAYET;SEMINAIRE;722665,96;6574861,29;727721,88;6603912,19
BAYET;VOLVIC;722665,96;6574861,29;705099,19;6532201,86
BAYET;GAUGLIN;722665,96;6574861,29;690237,73;6711803,68
BAYET;GREPILLES;722665,96;6574861,29;786355,7;6554244,64
BAYET;MARMAGNE;722665,96;6574861,29;643945,52;6667080,89
BAYET;RULHAT;722665,96;6574861,29;720943,39;6523761,2
BAYET;GREPILLES;722665,96;6574861,29;786355,7;6554244,64
BAYET;MARMAGNE;722665,96;6574861,29;643945,52;6667080,89
BAYET;ST-ELOI;722665,96;6574861,29;716119,27;6654555,14
BERGE;CANTEGRIT;388617,59;6311781,45;388514,05;6331721,02
BERGE;MARSILLON;388617,59;6311781,45;408736,4;6260624,4
BERGHOLZ;MARLENHEIM;1000433;6859718;1033493,35;6844194,48
BEZAUMONT;CROIX-DE-METZ;927194,51;6866384,38;914627,46;6847506,58
BEZAUMONT;CUSTINE;927194,51;6866384,38;930695,8;6856275,81
BEZAUMONT;VANDIERES;927194,51;6866384,38;921323,74;6876555,56
BEZAUMONT;VANDIERES;927194,51;6866384,38;921323,74;6876555,56
BEZAUMONT;HOUDREVILLE;927194,51;6866384,38;927488,59;6828847,31
BEZAUMONT;MARLENHEIM;927194,51;6866384,38;1033493,35;6844194,48
BEZAUMONT;VIGY;927194,51;6866384,38;938816,47;6904732,85
BEZAUMONT;HOUDREVILLE;927194,51;6866384,38;927488,59;6828847,31
BEZON;POTEAU-ROUGE;295640,55;6770151,11;228345,42;6766240,29
BEZON;PONTCHATEAU;295640,55;6770151,11;315837,87;6715922,92
BIANCON;FREJUS;1009732,41;6284842,68;1002243,81;6266953,28
BIANCON;MOUGINS;1009732,41;6284842,68;1023688,24;6284333,09
BIANCON;PLAN-DE-GRASSE;1009732,41;6284842,68;1017815,88;6292001,53
BIANCON;TRANS;1009732,41;6284842,68;981028,45;6274088,71
BIANCON;TRANS;1009732,41;6284842,68;981028,45;6274088,71
BISSY;GRANDE-ILE;926000,96;6503192,81;936573,13;6490238,03
BOISSE (LA);CAILLOUX-SUR-FONTAINES;856818,33;6528478,63;847297,24;6531234,72
BOISSE (LA);CUSSET-POSTE;856818,33;6528478,63;848929,48;6520162,05
BOISSE (LA);GENISSIAT-POSTE;856818,33;6528478,63;916717,15;6554356,27
BOISSE (LA);ST-VULBAS-EST;856818,33;6528478,63;875540;6524669,56
BOISSE (LA);CUSSET-POSTE;856818,33;6528478,63;848929,48;6520162,05
BOISSE (LA);MIONS;856818,33;6528478,63;853743,01;6510230,23
BOISSE (LA);CHAFFARD (LE);856818,33;6528478,63;865239,65;6509161,77
BOISSE (LA);MIONS;856818,33;6528478,63;853743,01;6510230,23
BOLLENE;CHATEAUNEUF-DU-RHONE;838378,84;6357554,1;835868,02;6378919,11
BOLLENE;TERRADOU;838378,84;6357554,1;863923,99;6328314,54
BOLLENE;TRICASTIN-POSTE (LE);838378,84;6357554,1;836298,04;6360375,48
BOLLENE;TRICASTIN-POSTE (LE);838378,84;6357554,1;836298,04;6360375,48
BONNEAU;ORANGERIE (L);500528,83;6614329,01;515224,62;6641124,15
BONNEAU;VALDIVIENNE;500528,83;6614329,01;519683,07;6598869,22
BONNEAU;VALDIVIENNE;500528,83;6614329,01;519683,07;6598869,22
BONNIERES;MEZEROLLES;594644,39;6881274,15;607795,98;6871087,74
BOUDEYRE;CHATEAUNEUF-DU-RHONE;808973,28;6387206,12;835868,02;6378919,11
BOUDEYRE;MONTPEZAT;808973,28;6387206,12;797456,35;6401122,86
BOUTRE;COUDON (LE);928263,61;6292137,13;941889,36;6233265,76
BOUTRE;PLAN-D ORGON;928263,61;6292137,13;862311,44;6304938,58
BOUTRE;SAINTE-TULLE 1;928263,61;6292137,13;923357,37;6302221,92
BOUTRE;TRANS;928263,61;6292137,13;981028,45;6274088,71
BOUTRE;PRIONNET;928263,61;6292137,13;923466,75;6293506,97
BRAUD;MARQUIS (LE);411551,78;6469032,78;420635,2;6440107,39
BRAUD;PREGUILLAC;411551,78;6469032,78;419400,38;6514644,14
BRAUD;CUBNEZAIS;411551,78;6469032,78;429709,65;6446896,97
BRAUD;PREGUILLAC;411551,78;6469032,78;419400,38;6514644,14
BRAUD;CUBNEZAIS;411551,78;6469032,78;429709,65;6446896,97
BRAUD;CUBNEZAIS;411551,78;6469032,78;429709,65;6446896,97
BRENS;PELISSIER;616331,53;6312285,11;630827,95;6317700,74
BRENS;VERFEIL;616331,53;6312285,11;592807,54;6282056,56
BRENNILIS;MARTYRE (LA);191838,02;6828151,46;168746;6840196,66
BRENNILIS;PLEYBER-CHRIST;191838,02;6828151,46;193268,52;6847211,82
BREUIL (LE);GODIN;638330,45;6461078,92;638750,21;6382633,81
BREUIL (LE);LA MOLE;638330,45;6461078,92;649678,21;6477396,94
BREUIL (LE);PEYRAT-LE-CHATEAU;638330,45;6461078,92;607125,7;6523188,48
BREUIL (LE);MARMAGNE;638330,45;6461078,92;643945,52;6667080,89
BREUIL (LE);RUEYRES;638330,45;6461078,92;675392,51;6408936,1
BRUGES;PESSAC;413003,97;6427889,02;410123,63;6416616,42
BUIRE;PONT-SUR-SAMBRE;775408,77;6980243,15;761730,78;7014863,43
BEAULIEU;FARRADIERE (LA);382253,89;6572278,89;401143,61;6548108,26
BEAULIEU;GRANZAY;382253,89;6572278,89;428953,97;6574802,58
BEAULIEU;SIRMIERE;382253,89;6572278,89;362622,08;6624303,52
BEAUREGARD;CHAINGY;929421,78;6920909,64;610469,29;6753462,35
BEAUTOR;CAPELLE (LA);723589,41;6950589,67;767062,23;6986549,35
BEAUTOR;LONG-CHAMP (LE);723589,41;6950589,67;734754,49;6916085,12
BEAUTOR;LATENA;723589,41;6950589,67;695422,25;6950927,61
BEAUTOR;SETIER;723589,41;6950589,67;724906,88;6971637,78
BEAUTOR;LATENA;723589,41;6950589,67;695422,25;6950927,61
BEAUTOR;LATENA;723589,41;6950589,67;695422,25;6950927,61
BOURGUIGNON;ETUPES;984548,22;6709160,32;989526,9;6718947,56
BOURGUIGNON;MAMBELIN;984548,22;6709160,32;976405,33;6702732,46
CROIX-DE-METZ;LANEUVEVILLE;914627,46;6847506,58;938241,35;6843559,98
CROIX-DE-METZ;VOID;914627,46;6847506,58;892250,19;6848614,49
CHAMPS-REGNAUD;VIELMOULIN;855493,13;6696712,53;827404,37;6693049,91
CHAMPS-REGNAUD;VIELMOULIN;855493,13;6696712,53;827404,37;6693049,91
CHATEAUNEUF-DU-RHONE;LOGIS-NEUF;835868,02;6378919,11;842016,27;6398819,35
CHATEAUNEUF-DU-RHONE;TRICASTIN-POSTE (LE);835868,02;6378919,11;836298,04;6360375,48
CHATEAUNEUF-DU-RHONE;LOGIS-NEUF;835868,02;6378919,11;842016,27;6398819,35
CALAN;POTEAU-ROUGE;229356,87;6772078,38;228345,42;6766240,29
CALAN;CORDEMAIS-POSTE;229356,87;6772078,38;332094,79;6698627,74
CALAN;MARTYRE (LA);229356,87;6772078,38;168746;6840196,66
CANTEGRIT;MARSILLON;388514,05;6331721,02;408736,4;6260624,4
CANTEGRIT;MOUGUERRE;388514,05;6331721,02;340761,73;6275152,46
CANTEGRIT;NAOUTOT;388514,05;6331721,02;417234,04;6313035,53
CANTEGRIT;NAOUTOT;388514,05;6331721,02;417234,04;6313035,53
CANTEGRIT;SAUCATS;388514,05;6331721,02;413349,8;6397088,65
CANTEGRIT;SAUCATS;388514,05;6331721,02;413349,8;6397088,65
CAPELLE (LA);PONT-SUR-SAMBRE;767062,23;6986549,35;761730,78;7014863,43
CAPELLE (LA);LONNY;767062,23;6986549,35;813242,82;6970958,43
CAPELLE (LA);MASTAING;767062,23;6986549,35;720796,5;7022197,91
CARRIERES;MORU;659294,63;6904984,63;676332,87;6912439,03
CARRIERES;PLESSIS-GASSOT;659294,63;6904984,63;658607,94;6881590,99
CARRIERES;TERRIER;659294,63;6904984,63;646009,4;6902215,34
CARRIERES;TERRIER;659294,63;6904984,63;646009,4;6902215,34
CAZARIL;JALIS;497745,01;6233458,07;505188,44;6283338,88
CAZARIL;LANNEMEZAN;497745,01;6233458,07;486407,82;6225398,67
CAZARIL;LANNEMEZAN;497745,01;6233458,07;486407,82;6225398,67
CAZARIL;LANNEMEZAN;497745,01;6233458,07;486407,82;6225398,67
CAZARIL;MARSILLON;497745,01;6233458,07;408736,4;6260624,4
CAZARIL;VERFEIL;497745,01;6233458,07;592807,54;6282056,56
CAZARIL;MARSILLON;497745,01;6233458,07;408736,4;6260624,4
CAZARIL;VERFEIL;497745,01;6233458,07;592807,54;6282056,56
CHAMBRY;MERY-SUR-SEINE;693228,13;6876097,07;767888,47;6824700,12
CERGY;PLESSIS-GASSOT;631192,48;6883565,11;658607,94;6881590,99
CERGY;PORCHEVILLE;631192,48;6883565,11;609515,76;6875296,19
CERGY;PUISEUX;631192,48;6883565,11;627868,52;6884267,36
CERGY;MEZEROLLES;631192,48;6883565,11;607795,98;6871087,74
CERGY;TERRIER;631192,48;6883565,11;646009,4;6902215,34
CERGY;MEZEROLLES;631192,48;6883565,11;607795,98;6871087,74
CERGY;TERRIER;631192,48;6883565,11;646009,4;6902215,34
CERNAY;VESLE;779062,19;6908618,55;790498,96;6900893,05
CERNAY;VESLE;779062,19;6908618,55;790498,96;6900893,05
CHABOSSIERE (LA);CHEVIRE;345545,87;6688995,08;351158,81;6686537,93
CHABOSSIERE (LA);CORDEMAIS-POSTE;345545,87;6688995,08;332094,79;6698627,74
CHAFFARD (LE);COULANGE;865239,65;6509161,77;836686,6;6394067,4
CHAFFARD (LE);CHAMPAGNIER;865239,65;6509161,77;913054,19;6448886,51
CHAFFARD (LE);GRANDE-ILE;865239,65;6509161,77;936573,13;6490238,03
CHAFFARD (LE);MIONS;865239,65;6509161,77;853743,01;6510230,23
CHAFFARD (LE);PIVOZ-CORDIER;865239,65;6509161,77;837769,11;6480423,73
CHAFFARD (LE);ST-VULBAS-OUEST;865239,65;6509161,77;875338,44;6524027,18
CHAFFARD (LE);CHAMPAGNIER;865239,65;6509161,77;913054,19;6448886,51
CHAFFARD (LE);GRANDE-ILE;865239,65;6509161,77;936573,13;6490238,03
CHAFFARD (LE);MIONS;865239,65;6509161,77;853743,01;6510230,23
CHAFFARD (LE);PIVOZ-CORDIER;865239,65;6509161,77;837769,11;6480423,73
CHAFFARD (LE);ST-VULBAS-OUEST;865239,65;6509161,77;875338,44;6524027,18
CHAFFARD (LE);ST-VULBAS-OUEST;865239,65;6509161,77;875338,44;6524027,18
CHAFFARD (LE);ST-VULBAS-OUEST;865239,65;6509161,77;875338,44;6524027,18
CHAINGY;DAMBRON;610469,29;6753462,35;614853,93;6779084,01
CHAINGY;DAMBRON;610469,29;6753462,35;614853,93;6779084,01
CHAINGY;DAMBRON;610469,29;6753462,35;614853,93;6779084,01
CHAINGY;VERGER;610469,29;6753462,35;594882,79;6735539,53
CHAINGY;VERGER;610469,29;6753462,35;594882,79;6735539,53
CHALON;CHAMPVANS;840663,83;6632621,44;885400,93;6669331,88
CHALON;GROSNE;840663,83;6632621,44;830900,18;6615805,35
CHALON;GROSNE;840663,83;6632621,44;830900,18;6615805,35
CHANCEAUX;DISTRE;526409,76;6711577,89;464320,67;6683192,95
CHANCEAUX;LARCAY;526409,76;6711577,89;531519,74;6697057,25
CHANCEAUX;QUINTES (LES);526409,76;6711577,89;493797,27;6757441,25
CHANCEAUX;VILLERBON;526409,76;6711577,89;574571,36;6728941,97
CHANCEAUX;LARCAY;526409,76;6711577,89;531519,74;6697057,25
CHANCEAUX;QUINTES (LES);526409,76;6711577,89;493797,27;6757441,25
CHANCENAY;REVIGNY;847119,61;6843717,83;846569,91;6859435,94
CHARPENAY;GREPILLES;831221,24;6525744,44;786355,7;6554244,64
CHARPENAY;PIVOZ-CORDIER;831221,24;6525744,44;837769,11;6480423,73
CHARPENAY;ST-VULBAS-OUEST;831221,24;6525744,44;875338,44;6524027,18
CHARPENAY;ECHALAS;831221,24;6525744,44;834271,61;6494838,59
CHARPENAY;GREPILLES;831221,24;6525744,44;786355,7;6554244,64
CHARPENAY;ST-VULBAS-OUEST;831221,24;6525744,44;875338,44;6524027,18
CHAVANOD;GENISSIAT-POSTE;938859,57;6537405,29;916717,15;6554356,27
CHESNOY (LE);COURTRY;690186,5;6809912,48;683221,38;6827504,52
CHESNOY (LE);NEMOURS;690186,5;6809912,48;676812,75;6792786,66
CHESNOY (LE);ROUSSON;690186,5;6809912,48;720690,96;6776984,53
CHESNOY (LE);COURTRY;690186,5;6809912,48;683221,38;6827504,52
CHESNOY (LE);COURTRY;690186,5;6809912,48;683221,38;6827504,52
CHESNOY (LE);CIROLLIERS;690186,5;6809912,48;649765,71;6827885,17
CHESNOY (LE);MERY-SUR-SEINE;690186,5;6809912,48;767888,47;6824700,12
CHESNOY (LE);MORBRAS;690186,5;6809912,48;673992,03;6853299,64
CHESNOY (LE);TABARDERIE;690186,5;6809912,48;665207,66;6738536,16
CHESNOY (LE);CIROLLIERS;690186,5;6809912,48;649765,71;6827885,17
CHESNOY (LE);MERY-SUR-SEINE;690186,5;6809912,48;767888,47;6824700,12
CHESNOY (LE);MORBRAS;690186,5;6809912,48;673992,03;6853299,64
CHESNOY (LE);TABARDERIE;690186,5;6809912,48;665207,66;6738536,16
CHESNOY (LE);TABARDERIE;690186,5;6809912,48;665207,66;6738536,16
CHEVIRE;CORDEMAIS-POSTE;351158,81;6686537,93;332094,79;6698627,74
CHEVIRE;MERLATIERE;351158,81;6686537,93;369787,17;6639732,11
CHEVIRE;VERTOU;351158,81;6686537,93;360770,2;6685478,98
CHEVALET;GAVRELLE;674135,22;7009120,31;691870,74;7026556,06
CHEVALET;LATENA;674135,22;7009120,31;695422,25;6950927,61
CHEVALET;WARANDE;674135,22;7009120,31;640900,56;7095113,03
CHEVALET;GAVRELLE;674135,22;7009120,31;691870,74;7026556,06
CHEVALET;LATENA;674135,22;7009120,31;695422,25;6950927,61
CHEVALET;WARANDE;674135,22;7009120,31;640900,56;7095113,03
CHOLET;DISTRE;403956,56;6669340,73;464320,67;6683192,95
CHOLET;MAUGES (LES);403956,56;6669340,73;401951,56;6692651,52
CHOLET;VAL DE SEVRE;403956,56;6669340,73;420985,91;6634331,9
CHOLET;DISTRE;403956,56;6669340,73;464320,67;6683192,95
CHOOZ;MAZURES;828758,27;7000193,49;816960,1;6979777,79
CHOOZ;MAZURES;828758,27;7000193,49;816960,1;6979777,79
CIROLLIERS;LOGES (LES);649765,71;6827885,17;647383,46;6831616,68
CIROLLIERS;LOGES (LES);649765,71;6827885,17;647383,46;6831616,68
CIROLLIERS;GATINAIS;649765,71;6827885,17;654199,22;6776674,51
CIROLLIERS;VILLEJUST;649765,71;6827885,17;643400,17;6842199,35
CIROLLIERS;GATINAIS;649765,71;6827885,17;654199,22;6776674,51
CIROLLIERS;VILLEJUST;649765,71;6827885,17;643400,17;6842199,35
CIROLLIERS;VILLEJUST;649765,71;6827885,17;643400,17;6842199,35
CISSAC;MARQUIS (LE);398369,54;6464997,57;420635,2;6440107,39
CIZE;FLEYRIAT;890370,48;6569869,57;870254,37;6572689,04
CIZE;IZERNORE;890370,48;6569869,57;896616,68;6569798,51
CLEON;GRAND-COURONNE;557520,43;6915001,75;554175,88;6918579,68
CLEON;MANOIR (LE);557520,43;6915001,75;570458,5;6914548,41
CLEON;GRAND-COURONNE;557520,43;6915001,75;554175,88;6918579,68
COLAYRAC;DONZAC;505420,41;6350613,43;525700,13;6336144,55
COLAYRAC;GUPIE;505420,41;6350613,43;473008,47;6387575,61
COMMERVEIL;CHAMPFLEUR;505502,49;6805048,37;485695,93;6812215,52
COMPIEGNE;LATENA;688469,58;6926159,58;695422,25;6950927,61
COMPIEGNE;MORU;688469,58;6926159,58;676332,87;6912439,03
CONCARNEAU;POTEAU-ROUGE;185618,44;6777399,27;228345,42;6766240,29
CONCARNEAU;SQUIVIDAN;185618,44;6777399,27;174841,62;6792039,08
CONFLUENT;CHAMPAGNIER;912248,1;6458952,26;913054,19;6448886,51
CONFLUENT;PARISET;912248,1;6458952,26;912033,56;6457101,05
CONTAMINE;GRAND-COEUR;977513,9;6494533,2;972264,84;6496737,91
CONTAMINE;MALGOVERT;977513,9;6494533,2;995305,09;6509202,75
COQUAINVILLIERS;DRONNIERE (LA);495675,89;6905012,67;456431,68;6898344,68
COQUAINVILLIERS;ROUGEMONTIER;495675,89;6905012,67;535293,77;6918286,96
COQUAINVILLIERS;TOURBE;495675,89;6905012,67;461693,59;6894753,4
COQUAINVILLIERS;ROUGEMONTIER;495675,89;6905012,67;535293,77;6918286,96
CORDEMAIS-POSTE;GUERSAC;332094,79;6698627,74;310045,03;6705856,25
CORDEMAIS-POSTE;POTEAU-ROUGE;332094,79;6698627,74;228345,42;6766240,29
CORDEMAIS-POSTE;PONTCHATEAU;332094,79;6698627,74;315837,87;6715922,92
CORDEMAIS-POSTE;ST-JOSEPH;332094,79;6698627,74;358242,12;6693046,5
CORDEMAIS-POSTE;PONTCHATEAU;332094,79;6698627,74;315837,87;6715922,92
CORDEMAIS-POSTE;LOUISFERT;332094,79;6698627,74;366982,78;6740494,84
CORDEMAIS-POSTE;DISTRE;332094,79;6698627,74;464320,67;6683192,95
CORDEMAIS-POSTE;LOUISFERT;332094,79;6698627,74;366982,78;6740494,84
CORDEMAIS-POSTE;MARTYRE (LA);332094,79;6698627,74;168746;6840196,66
CORBIERE (LA);DISTRE;438139,27;6715250,67;464320,67;6683192,95
CORBIERE (LA);DISTRE;438139,27;6715250,67;464320,67;6683192,95
CORBIERE (LA);DISTRE;438139,27;6715250,67;464320,67;6683192,95
CORNIER;PRESSY;954457,58;6559211,94;975103,66;6559587,48
CORNIER;GENISSIAT-POSTE;954457,58;6559211,94;916717,15;6554356,27
CORNIER;GENISSIAT-POSTE;954457,58;6559211,94;916717,15;6554356,27
CORNIER;MONTAGNY-LES-LANCHES;954457,58;6559211,94;937102,21;6534109,34
COSSIGNY;MORBRAS;676014,22;6847504,98;673992,03;6853299,64
COUCHEY;CHAMPVANS;851221,15;6685789,21;885400,93;6669331,88
COUCHEY;VIELMOULIN;851221,15;6685789,21;827404,37;6693049,91
COUDON (LE);ESCAILLON (L );941889,36;6233265,76;935426,05;6230215,25
COUDON (LE);NEOULES;941889,36;6233265,76;945420,04;6246765,15
COUDON (LE);NEOULES;941889,36;6233265,76;945420,04;6246765,15
COULANGE;PIVOZ-CORDIER;836686,6;6394067,4;837769,11;6480423,73
COULANGE;TAVEL;836686,6;6394067,4;831766,12;6325302,14
COULANGE;TRICASTIN-POSTE (LE);836686,6;6394067,4;836298,04;6360375,48
COULANGE;PIVOZ-CORDIER;836686,6;6394067,4;837769,11;6480423,73
COULANGE;TRICASTIN-POSTE (LE);836686,6;6394067,4;836298,04;6360375,48
COULANGE;TRICASTIN-POSTE (LE);836686,6;6394067,4;836298,04;6360375,48
CHAMPAGNIER;EYBENS;913054,19;6448886,51;916341,69;6454309,77
CHAMPAGNIER;GRISOLLES;913054,19;6448886,51;948943,98;6391526,6
CHAMPAGNIER;MOIRANS;913054,19;6448886,51;900015,61;6473081,29
CHAMPAGNIER;PARISET;913054,19;6448886,51;912033,56;6457101,05
CHAMPAGNIER;SERRE-PONCON;913054,19;6448886,51;959920,11;6379848,86
CHAMPAGNIER;EYBENS;913054,19;6448886,51;916341,69;6454309,77
CHAMPAGNOLE;FRASNE;921873,39;6632767,58;940846,69;6646126,89
CHAMPAGNOLE;GENISSIAT-POSTE;921873,39;6632767,58;916717,15;6554356,27
CHAMPAGNOLE;PALENTE;921873,39;6632767,58;930864,08;6689707,21
CHAMPVANS;PYMONT;885400,93;6669331,88;895630,25;6624304,69
CRECHETS (LES);GUARBECQUE;679719,67;7062931,99;664842,27;7058140,71
CRECHETS (LES);WEPPES;679719,67;7062931,99;692641,1;7060715,89
CRECHETS (LES);WEPPES;679719,67;7062931,99;692641,1;7060715,89
CRENEY;FRONCLES;784381,22;6805251,04;859373,42;6801520,69
CRENEY;ROSIERES;784381,22;6805251,04;778235,67;6796248,17
CRENEY;MERY-SUR-SEINE;784381,22;6805251,04;767888,47;6824700,12
CRENEY;REVIGNY;784381,22;6805251,04;846569,91;6859435,94
CRENEY;VIELMOULIN;784381,22;6805251,04;827404,37;6693049,91
CREYS;GRANDE-ILE;891677,67;6520390,18;936573,13;6490238,03
CREYS;GENISSIAT-POSTE;891677,67;6520390,18;916717,15;6554356,27
CREYS;ST-VULBAS-OUEST;891677,67;6520390,18;875338,44;6524027,18
CREYS;GRANDE-ILE;891677,67;6520390,18;936573,13;6490238,03
CREYS;GENISSIAT-POSTE;891677,67;6520390,18;916717,15;6554356,27
CREYS;ST-VULBAS-OUEST;891677,67;6520390,18;875338,44;6524027,18
CUBNEZAIS;GREZILLAC;429709,65;6446896,97;444562,37;6417906,59
CUBNEZAIS;MARQUIS (LE);429709,65;6446896,97;420635,2;6440107,39
CUBNEZAIS;MONTGUYON;429709,65;6446896,97;447423,13;6461090,81
CUBNEZAIS;TUILIERES;429709,65;6446896,97;513305,02;6418859,41
CUBNEZAIS;DONZAC;429709,65;6446896,97;525700,13;6336144,55
CUBNEZAIS;PLAUD;429709,65;6446896,97;534024,32;6536983,31
CUBNEZAIS;SAUCATS;429709,65;6446896,97;413349,8;6397088,65
CUBNEZAIS;DONZAC;429709,65;6446896,97;525700,13;6336144,55
CUBNEZAIS;SAUCATS;429709,65;6446896,97;413349,8;6397088,65
CHAUSSEE (LA);RECY;810952,26;6860921,95;798130,05;6878026,84
CHAUSSEE (LA);REVIGNY;810952,26;6860921,95;846569,91;6859435,94
COURTRY;SENART;683221,38;6827504,52;669635,68;6834395,47
DAMBRON;GATINAIS;614853,93;6779084,01;654199,22;6776674,51
DAMBRON;VERGER;614853,93;6779084,01;594882,79;6735539,53
DAMBRON;YVELINES-OUEST;614853,93;6779084,01;613956,06;6856615,58
DAMBRON;GATINAIS;614853,93;6779084,01;654199,22;6776674,51
DAMBRON;VERGER;614853,93;6779084,01;594882,79;6735539,53
DAMBRON;VILLEJUST;614853,93;6779084,01;643400,17;6842199,35
DAMERY;NOGENTEL;763623,71;6886550,2;729716,64;6880502,97
DAMERY;VESLE;763623,71;6886550,2;790498,96;6900893,05
DANTOU;TUILIERES;527426,82;6375984,18;513305,02;6418859,41
DANTOU;VERLHAGUET;527426,82;6375984,18;564918,06;6321826,83
DARSE;FEUILLANE;849592,15;6260713,76;854377,74;6263619,06
DARSE;RASSUEN;849592,15;6260713,76;859185,62;6268094,87
DARSE;FEUILLANE;849592,15;6260713,76;854377,74;6263619,06
DECHY;MASTAING;709945,02;7029439,57;720796,5;7022197,91
DISTRE;ORANGERIE (L);464320,67;6683192,95;515224,62;6641124,15
DISTRE;JUMEAUX (LES);464320,67;6683192,95;465746,33;6638065,45
DISTRE;JUMEAUX (LES);464320,67;6683192,95;465746,33;6638065,45
DOBERIE;RANCE-POSTE;297404,38;6836797,04;329297,04;6847029,8
DOBERIE;TREGUEUX;297404,38;6836797,04;273994,23;6836773,15
DOMLOUP;LAUNAY;361060,47;6786669,25;385686,86;6837723,68
DOMLOUP;LOUISFERT;361060,47;6786669,25;366982,78;6740494,84
DOMLOUP;PLAINE HAUTE;361060,47;6786669,25;265552,04;6830584,18
DOMLOUP;LAUNAY;361060,47;6786669,25;385686,86;6837723,68
DOMLOUP;LOUISFERT;361060,47;6786669,25;366982,78;6740494,84
DONZAC;VERLHAGUET;525700,13;6336144,55;564918,06;6321826,83
DONZAC;LESQUIVE;525700,13;6336144,55;561081,41;6303473,98
DONZAC;VERFEIL;525700,13;6336144,55;592807,54;6282056,56
DONZENAC;FEROUGE;584031,06;6458366,34;578959,22;6425254,8
DRONNIERE (LA);FLERS;456431,68;6898344,68;438900,88;6854406,14
DRONNIERE (LA);TOURBE;456431,68;6898344,68;461693,59;6894753,4
DRONNIERE (LA);TOURBE;456431,68;6898344,68;461693,59;6894753,4
ENCO-DE-BOTTE;ESCAILLON (L );901322,28;6250016,31;935426,05;6230215,25
ENCO-DE-BOTTE;PALUN (LA);901322,28;6250016,31;901250,86;6266240,12
ENCO-DE-BOTTE;RABATAU;901322,28;6250016,31;894674,95;6244944,78
ENCO-DE-BOTTE;REALTOR;901322,28;6250016,31;889736,8;6263661,17
ENCO-DE-BOTTE;PALUN (LA);901322,28;6250016,31;901250,86;6266240,12
ECHALAS;GIVORS;834271,61;6494838,59;839375,9;6498524,73
ECHALAS;RIVIERE (LA);834271,61;6494838,59;809903,38;6480298,45
ECHALAS;SOLEIL (LE);834271,61;6494838,59;810162,94;6485710,3
ECHALAS;GIVORS;834271,61;6494838,59;839375,9;6498524,73
ECHALAS;PIVOZ-CORDIER;834271,61;6494838,59;837769,11;6480423,73
ECHINGHEN;MANDARINS;603747,19;7067531,02;614318,47;7090366,35
ECHINGHEN;SORRUS;603747,19;7067531,02;609087,32;7040529,32
EGUZON;MARMAGNE;594090,84;6596206,45;643945,52;6667080,89
EGUZON;MAUREIX (LE);594090,84;6596206,45;581051,16;6537413,77
EGUZON;MOUSSEAUX;594090,84;6596206,45;602876,38;6635412,65
EGUZON;MONTLUCON;594090,84;6596206,45;669583,54;6580127,94
EGUZON;ORANGERIE (L);594090,84;6596206,45;515224,62;6641124,15
EGUZON;STE-FEYRE;594090,84;6596206,45;616808,04;6566883,75
EGUZON;MARMAGNE;594090,84;6596206,45;643945,52;6667080,89
EGUZON;PLAUD;594090,84;6596206,45;534024,32;6536983,31
EGUZON;RUEYRES;594090,84;6596206,45;675392,51;6408936,1
EGUZON;VALDIVIENNE;594090,84;6596206,45;519683,07;6598869,22
EGUZON;VERGER;594090,84;6596206,45;594882,79;6735539,53
EGUZON;VALDIVIENNE;594090,84;6596206,45;519683,07;6598869,22
ELANCOURT;MEZEROLLES;622961,83;6853203,26;607795,98;6871087,74
ELANCOURT;ST-AUBIN;622961,83;6853203,26;636993,67;6848151,65
ELANCOURT;YVELINES-OUEST;622961,83;6853203,26;613956,06;6856615,58
ENVAL;ISSOIRE;699942,87;6518399,32;719889,96;6494868,06
ENVAL;VOLVIC;699942,87;6518399,32;705099,19;6532201,86
ESCAILLON (L );NEOULES;935426,05;6230215,25;945420,04;6246765,15
FALLOU;NOVION;645845,66;6871538,47;649030,3;6868460,24
FALLOU;NOVION;645845,66;6871538,47;649030,3;6868460,24
FALLOU;PLESSIS-GASSOT;645845,66;6871538,47;658607,94;6881590,99
FAMARS;GROS-CAILLOU;736149,27;7023914,45;724148,26;7024363,55
FARRADIERE (LA);GRANZAY;401143,61;6548108,26;428953,97;6574802,58
FEROUGE;TALAMET;578959,22;6425254,8;617117,17;6430297,43
FEUILLANE;LAVERA;854377,74;6263619,06;864027,67;6255883,25
FEUILLANE;PONTEAU;854377,74;6263619,06;864144,65;6253619,29
FEUILLANE;ST-CHAMAS;854377,74;6263619,06;867435,73;6271981,9
FEUILLANE;PONTEAU;854377,74;6263619,06;864144,65;6253619,29
FLANDRE;ROMAINVILLE;654126,08;6865523,57;658743,88;6866230,74
FLEAC;MARQUIS (LE);473444,15;6515223,87;420635,2;6440107,39
FLEAC;MONTGUYON;473444,15;6515223,87;447423,13;6461090,81
FLEAC;NIORT;473444,15;6515223,87;436064,44;6588929,82
FLEAC;SANILHAC;473444,15;6515223,87;518154,33;6452005,24
FLERS;LAUNAY;438900,88;6854406,14;385686,86;6837723,68
FLEYRIAT;VOUGLANS;870254,37;6572689,04;903986,59;6591629,42
FLOIRAC;MARQUIS (LE);421439,47;6419823,87;420635,2;6440107,39
FLOIRAC;PESSAC;421439,47;6419823,87;410123,63;6416616,42
FLORENSAC;ST-VINCENT;738988,76;6254253,2;717732,69;6252212,32
LA FONT;RIORGES;736412,49;6562223,98;781637,71;6551463,58
FOUSCAIS;TAMAREAU;736961,28;6278677,62;757826,08;6281826,61
FOUSCAIS;TAMAREAU;736961,28;6278677,62;757826,08;6281826,61
FRASNE;GENISSIAT-POSTE;940846,69;6646126,89;916717,15;6554356,27
FRASNE;MAMBELIN;940846,69;6646126,89;976405,33;6702732,46
FREJUS;TRANS;1002243,81;6266953,28;981028,45;6274088,71
FREJUS;TRANS;1002243,81;6266953,28;981028,45;6274088,71
GIVORS-BANS;GIVORS;838929,61;6498946,92;839375,9;6498524,73
GIVORS-BANS;GIVORS;838929,61;6498946,92;839375,9;6498524,73
GIVORS-BANS;GIVORS;838929,61;6498946,92;839375,9;6498524,73
GROS-CAILLOU;MASTAING;724148,26;7024363,55;720796,5;7022197,91
GROS-CAILLOU;MASTAING;724148,26;7024363,55;720796,5;7022197,91
GROS-CAILLOU;MASTAING;724148,26;7024363,55;720796,5;7022197,91
GRAND-COURONNE;ROUGEMONTIER;554175,88;6918579,68;535293,77;6918286,96
GRAND-COURONNE;ST-ETIENNE-DU-ROUVRAY;554175,88;6918579,68;562315,47;6920246,02
GRAND-COURONNE;VAUPALIERE (LA);554175,88;6918579,68;555700,5;6933393,68
GRAND-COURONNE;ROUGEMONTIER;554175,88;6918579,68;535293,77;6918286,96
GRAND-COURONNE;ST-ETIENNE-DU-ROUVRAY;554175,88;6918579,68;562315,47;6920246,02
GRAND-COURONNE;VAUPALIERE (LA);554175,88;6918579,68;555700,5;6933393,68
GRAND-COURONNE;VAUPALIERE (LA);554175,88;6918579,68;555700,5;6933393,68
GRAND-QUEVILLY;VAUPALIERE (LA);557200,33;6927285,27;555700,5;6933393,68
GRANDE-SYNTHE;HOLQUE;649393,37;7102111,85;644361,4;7084106,16
GRANDE-SYNTHE;WARANDE;649393,37;7102111,85;640900,56;7095113,03
GRANDE-SYNTHE;WARANDE;649393,37;7102111,85;640900,56;7095113,03
GRANDE-SYNTHE;WARANDE;649393,37;7102111,85;640900,56;7095113,03
GAMPALOUP;MIONS;843593,85;6472319,77;853743,01;6510230,23
GAMPALOUP;PONT-EVEQUE;843593,85;6472319,77;850503,86;6493190,23
GANGES;ST-VICTOR;758114,14;6316566,83;684319,23;6328045,42
GANGES;VIRADEL;758114,14;6316566,83;794201,84;6338346,93
GARCHIZY;ST-ELOI;706345,85;6659073,26;716119,27;6654555,14
GATINAIS;GAUGLIN;654199,22;6776674,51;690237,73;6711803,68
GATINAIS;TABARDERIE;654199,22;6776674,51;665207,66;6738536,16
GATINAIS;GAUGLIN;654199,22;6776674,51;690237,73;6711803,68
GATINAIS;TABARDERIE;654199,22;6776674,51;665207,66;6738536,16
GAUDIERE (LA);LIVIERE;673780,9;6238014,58;698683,62;6232836,03
GAUDIERE (LA);MOREAU;673780,9;6238014,58;650434,89;6234864,96
GAUDIERE (LA);ST-VINCENT;673780,9;6238014,58;717732,69;6252212,32
GAUDIERE (LA);MOREAU;673780,9;6238014,58;650434,89;6234864,96
GAUDIERE (LA);ISSEL;673780,9;6238014,58;617593,5;6254451,83
GAUDIERE (LA);RUEYRES;673780,9;6238014,58;675392,51;6408936,1
GAUDIERE (LA);TAMAREAU;673780,9;6238014,58;757826,08;6281826,61
GAUDIERE (LA);ISSEL;673780,9;6238014,58;617593,5;6254451,83
GAUDIERE (LA);TAMAREAU;673780,9;6238014,58;757826,08;6281826,61
GAUGLIN;ST-ELOI;690237,73;6711803,68;716119,27;6654555,14
GAVRELLE;PERTAIN;691870,74;7026556,06;689620,03;6966254,72
GENISSIAT-POSTE;IZERNORE;916717,15;6554356,27;896616,68;6569798,51
GENISSIAT-POSTE;SERRIERES;916717,15;6554356,27;920331,23;6535915,14
GENISSIAT-POSTE;VOUGLANS;916717,15;6554356,27;903986,59;6591629,42
GENISSIAT-POSTE;VIELMOULIN;916717,15;6554356,27;827404,37;6693049,91
GENISSIAT-POSTE;VIELMOULIN;916717,15;6554356,27;827404,37;6693049,91
GENISSIAT-POSTE;VIELMOULIN;916717,15;6554356,27;827404,37;6693049,91
GINESTOUS;LESQUIVE;571847,26;6285602,01;561081,41;6303473,98
GINESTOUS;LESQUIVE;571847,26;6285602,01;561081,41;6303473,98
GIVORS;MIONS;839375,9;6498524,73;853743,01;6510230,23
GIVORS;MIONS;839375,9;6498524,73;853743,01;6510230,23
GIVORS;SOLEIL (LE);839375,9;6498524,73;810162,94;6485710,3
GODIN;RUEYRES;638750,21;6382633,81;675392,51;6408936,1
GODIN;ST-VICTOR;638750,21;6382633,81;684319,23;6328045,42
GODIN;VERLHAGUET;638750,21;6382633,81;564918,06;6321826,83
GOURJADE;ST-VICTOR;639670,79;6280739,55;684319,23;6328045,42
GOURJADE;VERFEIL;639670,79;6280739,55;592807,54;6282056,56
GRAFFENSTADEN;MARLENHEIM;1045612,72;6835873,56;1033493,35;6844194,48
GRAFFENSTADEN;SCHEER;1045612,72;6835873,56;1034591,62;6815867,78
GRANZAY;NIORT;428953,97;6574802,58;436064,44;6588929,82
GRANZAY;ST-FLORENT;428953,97;6574802,58;432684,69;6584399,19
GRANZAY;ST-FLORENT;428953,97;6574802,58;432684,69;6584399,19
GRANZAY;JUMEAUX (LES);428953,97;6574802,58;465746,33;6638065,45
GRANZAY;PREGUILLAC;428953,97;6574802,58;419400,38;6514644,14
GRANZAY;VALDIVIENNE;428953,97;6574802,58;519683,07;6598869,22
GRANZAY;JUMEAUX (LES);428953,97;6574802,58;465746,33;6638065,45
GRANZAY;PREGUILLAC;428953,97;6574802,58;419400,38;6514644,14
GRANZAY;VALDIVIENNE;428953,97;6574802,58;519683,07;6598869,22
GREZILLAC;GUPIE;444562,37;6417906,59;473008,47;6387575,61
GRISOLLES;SERRE-PONCON;948943,98;6391526,6;959920,11;6379848,86
GROSNE;GUEUGNON;830900,18;6615805,35;781734,95;6612100,66
GROSNE;MACON;830900,18;6615805,35;836493,34;6577975,75
GROSNE;ST-VULBAS-OUEST;830900,18;6615805,35;875338,44;6524027,18
GROSNE;VIELMOULIN;830900,18;6615805,35;827404,37;6693049,91
GUEBWILLER;LOGELBACH;1015652,66;6763937,84;1020514,07;6784646,49
GUEBWILLER;VOGELGRUN;1015652,66;6763937,84;1040662,69;6778548,12
HARCOURT (POSTE BLINDE);RAIE-TORTUE;646428,31;6859604,4;644973,28;6854514,89
HARCOURT (POSTE BLINDE);RAIE-TORTUE;646428,31;6859604,4;644973,28;6854514,89
HAVRE (LE);PONT-SEPT;493264,21;6934763,16;495772,13;6936353,47
HAVRE (LE);PONT-SEPT;493264,21;6934763,16;495772,13;6936353,47
HAVRE (LE);ROUGEMONTIER;493264,21;6934763,16;535293,77;6918286,96
HAVRE (LE);ROUGEMONTIER;493264,21;6934763,16;535293,77;6918286,96
HOLQUE;LONGUENESSE;644361,4;7084106,16;645435,63;7072261,53
HOLQUE;WARANDE;644361,4;7084106,16;640900,56;7095113,03
HOLQUE;LONGUENESSE;644361,4;7084106,16;645435,63;7072261,53
HOUDREVILLE;LOGELBACH;927488,59;6828847,31;1020514,07;6784646,49
HOUDREVILLE;MERY-SUR-SEINE;927488,59;6828847,31;767888,47;6824700,12
HOUDREVILLE;VINCEY;927488,59;6828847,31;946135,21;6811238,55
HOUDREVILLE;MERY-SUR-SEINE;927488,59;6828847,31;767888,47;6824700,12
HOURAT (LE);MARSILLON;420318,59;6215288,95;408736,4;6260624,4
HOURAT (LE);MIEGEBAT;420318,59;6215288,95;418436,32;6209857,25
ILE-NAPOLEON;LUTTERBACH;1028015,11;6750030,59;1018911,52;6747798,23
ILE-NAPOLEON;OTTMARSHEIM;1028015,11;6750030,59;1038308,34;6751224,99
ISSEL;VERFEIL;617593,5;6254451,83;592807,54;6282056,56
ISSEL;VERFEIL;617593,5;6254451,83;592807,54;6282056,56
ISSOIRE;LIGNAT;719889,96;6494868,06;720632,4;6513415,94
ISSOIRE;PRATCLAUX;719889,96;6494868,06;751245,46;6430619,74
JALIS;LESQUIVE;505188,44;6283338,88;561081,41;6303473,98
JONQUIERES;ST-CESAIRE;827362,47;6304728,52;807518,6;6302353,16
JONQUIERES;ST-CESAIRE;827362,47;6304728,52;807518,6;6302353,16
JONQUIERES;TAVEL;827362,47;6304728,52;831766,12;6325302,14
KEMBS;OTTMARSHEIM;1038979,09;6737772,08;1038308,34;6751224,99
KEMBS;SIERENTZ;1038979,09;6737772,08;1035577,23;6736880,99
LONG-CHAMP (LE);SOISSONS-NOTRE-DAME;734754,49;6916085,12;723268,51;6917435,36
LOGIS-NEUF;VALENCE;842016,27;6398819,35;852051,1;6426150,35
LANDERNEAU;LOSCOAT;165896,51;6842228,66;146228,37;6840354,07
LANDERNEAU;MARTYRE (LA);165896,51;6842228,66;168746;6840196,66
LANDERNEAU;MARTYRE (LA);165896,51;6842228,66;168746;6840196,66
LANDRES;MOULAINE;901774,34;6915530;902412,4;6935182,53
LANDRES;MONTOIS;901774,34;6915530;919361,18;6905685,2
LANDRES;STENAY;901774,34;6915530;859392;6936734,21
LANDRES;VIGY;901774,34;6915530;938816,47;6904732,85
LANNEMEZAN;PRAGNERES;486407,82;6225398,67;456271,52;6196243,76
LATENA;PERTAIN;695422,25;6950927,61;689620,03;6966254,72
LATENA;ROYE;695422,25;6950927,61;685611,93;6955013,21
LATENA;VILLEVAUDE;695422,25;6950927,61;675266,82;6867147,42
LAUNAY;RANCE-POSTE;385686,86;6837723,68;329297,04;6847029,8
LAUNAY;TAUTE;385686,86;6837723,68;382239,9;6909182,11
LAUNAY;TAUTE;385686,86;6837723,68;382239,9;6909182,11
LAVERA;PORT-DE-BOUC;864027,67;6255883,25;861395,15;6259363,61
LAVERA;PONTEAU;864027,67;6255883,25;864144,65;6253619,29
LAVERA;SEPTEMES;864027,67;6255883,25;890696,36;6258088,76
LEGUEVIN;LESQUIVE;560598,01;6279197,82;561081,41;6303473,98
LEGUEVIN;PORTET-ST-SIMON;560598,01;6279197,82;569561,91;6271236,9
LESCAR;MARSILLON;421344;6252255,2;408736,4;6260624,4
LESQUIVE;VERLHAGUET;561081,41;6303473,98;564918,06;6321826,83
LESQUIVE;VERLHAGUET;561081,41;6303473,98;564918,06;6321826,83
LESQUIVE;VERFEIL;561081,41;6303473,98;592807,54;6282056,56
LIGNAT;RULHAT;720632,4;6513415,94;720943,39;6523761,2
LINGOSTIERE;TRINITE-VICTOR;1037382,74;6300029,85;1047624,42;6303729,26
LIVIERE;ST-VINCENT;698683,62;6232836,03;717732,69;6252212,32
LOGELBACH;MUHLBACH;1020514,07;6784646,49;1040153,4;6766115,97
LONNY;MAZURES;813242,82;6970958,43;816960,1;6979777,79
LONNY;MOULAINE;813242,82;6970958,43;902412,4;6935182,53
LONNY;MASTAING;813242,82;6970958,43;720796,5;7022197,91
LONNY;MAZURES;813242,82;6970958,43;816960,1;6979777,79
LONNY;MOULAINE;813242,82;6970958,43;902412,4;6935182,53
LONNY;MASTAING;813242,82;6970958,43;720796,5;7022197,91
LOSCOAT;MARTYRE (LA);146228,37;6840354,07;168746;6840196,66
LUMES;MAZURES;829534,41;6962470,9;816960,1;6979777,79
LUMES;MOHON;829534,41;6962470,9;825206,85;6962962
LUMES;STENAY;829534,41;6962470,9;859392;6936734,21
LUMES;MAZURES;829534,41;6962470,9;816960,1;6979777,79
LUMES;MOHON;829534,41;6962470,9;825206,85;6962962
LUTTERBACH;SIERENTZ;1018911,52;6747798,23;1035577,23;6736880,99
LUTTERBACH;SIERENTZ;1018911,52;6747798,23;1035577,23;6736880,99
MITRY-MORY;SAUSSET;672755,93;6874052,81;668825,85;6875037,37
MITRY-MORY;VILLEVAUDE;672755,93;6874052,81;675266,82;6867147,42
MERY-SUR-SEINE;VESLE;767888,47;6824700,12;790498,96;6900893,05
MERY-SUR-SEINE;VIELMOULIN;767888,47;6824700,12;827404,37;6693049,91
MERY-SUR-SEINE;VIELMOULIN;767888,47;6824700,12;827404,37;6693049,91
MALGOVERT;PASSY;995305,09;6509202,75;988640,7;6541956,91
MALINTRAT;RULHAT;715185;6523266,3;720943,39;6523761,2
MALINTRAT;RULHAT;715185;6523266,3;720943,39;6523761,2
MAMBELIN;PALENTE;976405,33;6702732,46;930864,08;6689707,21
MAMBELIN;PONTARLIER;976405,33;6702732,46;955471,27;6651149,44
MAMBELIN;PUSY;976405,33;6702732,46;937423,4;6732792,12
MAMBELIN;PALENTE;976405,33;6702732,46;930864,08;6689707,21
MAMBELIN;SIERENTZ;976405,33;6702732,46;1035577,23;6736880,99
MANDARINS;WARANDE;614318,47;7090366,35;640900,56;7095113,03
MANOIR (LE);ST-PIERRE-DE-BAILLEUL;570458,5;6914548,41;581188,93;6893147
MARGERIDE;PRATCLAUX;722298,05;6410243,91;751245,46;6430619,74
MARGERIDE;RUEYRES;722298,05;6410243,91;675392,51;6408936,1
MARLENHEIM;SCHEER;1033493,35;6844194,48;1034591,62;6815867,78
MARLENHEIM;VIGY;1033493,35;6844194,48;938816,47;6904732,85
MARMAGNE;MOUSSEAUX;643945,52;6667080,89;602876,38;6635412,65
MARMAGNE;VARENNES (-SUR-FOUZON);643945,52;6667080,89;593757,71;6677756,58
MARMAGNE;TABARDERIE;643945,52;6667080,89;665207,66;6738536,16
MARMAGNE;TABARDERIE;643945,52;6667080,89;665207,66;6738536,16
MARSILLON;PRAGNERES;408736,4;6260624,4;456271,52;6196243,76
MARTYRE (LA);SQUIVIDAN;168746;6840196,66;174841,62;6792039,08
MASQUET;PESSAC;386765,25;6399068,16;410123,63;6416616,42
MASTAING;PONT-SUR-SAMBRE;720796,5;7022197,91;761730,78;7014863,43
MASTAING;PERIZET (LE);720796,5;7022197,91;726115,52;6998518,66
MAUBEUGE;PONT-SUR-SAMBRE;766269,85;7018633,1;761730,78;7014863,43
MAUGES (LES);VERTOU;401951,56;6692651,52;360770,2;6685478,98
MAUREIX (LE);PEYRAT-LE-CHATEAU;581051,16;6537413,77;607125,7;6523188,48
MENUEL;TAUTE;368332,39;6940413,87;382239,9;6909182,11
MENUEL;TOLLEVAST;368332,39;6940413,87;367480,82;6953628,45
MENUEL;TAUTE;368332,39;6940413,87;382239,9;6909182,11
MENUEL;TOLLEVAST;368332,39;6940413,87;367480,82;6953628,45
MENUEL;TAUTE;368332,39;6940413,87;382239,9;6909182,11
MENUEL;TAUTE;368332,39;6940413,87;382239,9;6909182,11
MERLATIERE;SIRMIERE;369787,17;6639732,11;362622,08;6624303,52
MERLATIERE;SOULLANS;369787,17;6639732,11;327397,3;6643143,61
MEZEROLLES;PORCHEVILLE;607795,98;6871087,74;609515,76;6875296,19
MEZEROLLES;PORCHEVILLE;607795,98;6871087,74;609515,76;6875296,19
MEZEROLLES;PORCHEVILLE;607795,98;6871087,74;609515,76;6875296,19
MEZEROLLES;TILLEUL;607795,98;6871087,74;551429,33;6883091,9
MEZEROLLES;YVELINES-OUEST;607795,98;6871087,74;613956,06;6856615,58
MEZEROLLES;TILLEUL;607795,98;6871087,74;551429,33;6883091,9
MEZEROLLES;VILLEJUST;607795,98;6871087,74;643400,17;6842199,35
MIONS;MOIRANS;853743,01;6510230,23;900015,61;6473081,29
MIONS;MOUCHE (LA);853743,01;6510230,23;843435,15;6515084,5
MIONS;PONT-EVEQUE;853743,01;6510230,23;850503,86;6493190,23
MIONS;ST-VULBAS-EST;853743,01;6510230,23;875540;6524669,56
MIONS;VENISSIEUX;853743,01;6510230,23;848243,4;6514749,41
MIONS;MOUCHE (LA);853743,01;6510230,23;843435,15;6515084,5
MIONS;VENISSIEUX;853743,01;6510230,23;848243,4;6514749,41
LA MOLE;RUEYRES;649678,21;6477396,94;675392,51;6408936,1
LA MOLE;STE-FEYRE;649678,21;6477396,94;616808,04;6566883,75
LA MOLE;RUEYRES;649678,21;6477396,94;675392,51;6408936,1
MOLIERE;QUINTES (LES);452850,96;6757874,27;493797,27;6757441,25
MORBRAS;VILLENEUVE-ST-GEORGES;673992,03;6853299,64;659328,74;6850460,59
MORBRAS;VILLEVAUDE;673992,03;6853299,64;675266,82;6867147,42
MORBRAS;VILLEVAUDE;673992,03;6853299,64;675266,82;6867147,42
MOUGINS;PLAN-DE-GRASSE;1023688,24;6284333,09;1017815,88;6292001,53
MOULAINE;VIGY;902412,4;6935182,53;938816,47;6904732,85
MARQUIS (LE);SAUCATS;420635,2;6440107,39;413349,8;6397088,65
MONTEZIC;RUEYRES;671393,87;6403974,86;675392,51;6408936,1
MONTLUCON;MONTVICQ;669583,54;6580127,94;686225,64;6578463,72
MONTOIS;ST-HUBERT;919361,18;6905685,2;927853,54;6915705,66
MONTPELLIER;TAMAREAU;768636,66;6276073,49;757826,08;6281826,61
MONTPELLIER;TAMAREAU;768636,66;6276073,49;757826,08;6281826,61
MONTPELLIER;TAMAREAU;768636,66;6276073,49;757826,08;6281826,61
MONTPEZAT;PRATCLAUX;797456,35;6401122,86;751245,46;6430619,74
MUHLBACH;SCHEER;1040153,4;6766115,97;1034591,62;6815867,78
MUHLBACH;SIERENTZ;1040153,4;6766115,97;1035577,23;6736880,99
MUHLBACH;VINCEY;1040153,4;6766115,97;946135,21;6811238,55
MUHLBACH;SIERENTZ;1040153,4;6766115,97;1035577,23;6736880,99
NEMOURS;VILLEMANDEUR;676812,75;6792786,66;678852,41;6765959,09
NEOULES;VINS;945420,04;6246765,15;952030,28;6264584,49
NEOULES;REALTOR;945420,04;6246765,15;889736,8;6263661,17
NEOULES;TRANS;945420,04;6246765,15;981028,45;6274088,71
NEOULES;REALTOR;945420,04;6246765,15;889736,8;6263661,17
NEOULES;TRANS;945420,04;6246765,15;981028,45;6274088,71
NIORT;VAL DE SEVRE;436064,44;6588929,82;420985,91;6634331,9
NOGENTEL;ORMES;729716,64;6880502,97;771026,7;6904471,83
ONET-LE-CHATEAU;RUEYRES;668717,6;6365436,53;675392,51;6408936,1
ORMES;VESLE;771026,7;6904471,83;790498,96;6900893,05
ORMES;VESLE;771026,7;6904471,83;790498,96;6900893,05
PRAZ-ST-ANDRE;SAUSSAZ II (LA);981471,89;6462767,65;972713,38;6462638,96
PIED-DE-BORNE;PRATCLAUX;778418,59;6375999,31;751245,46;6430619,74
PLESSIS-GASSOT;SAUSSET;658607,94;6881590,99;668825,85;6875037,37
PLESSIS-GASSOT;SEINE;658607,94;6881590,99;651577,32;6869810,06
PLESSIS-GASSOT;SEINE;658607,94;6881590,99;651577,32;6869810,06
PLESSIS-GASSOT;SAUSSET;658607,94;6881590,99;668825,85;6875037,37
PLESSIS-GASSOT;TERRIER;658607,94;6881590,99;646009,4;6902215,34
PLESSIS-GASSOT;TERRIER;658607,94;6881590,99;646009,4;6902215,34
PLESSIS-GASSOT;TERRIER;658607,94;6881590,99;646009,4;6902215,34
PLESSIS-GASSOT;TERRIER;658607,94;6881590,99;646009,4;6902215,34
PLESSIS-GASSOT;VILLEVAUDE;658607,94;6881590,99;675266,82;6867147,42
PLAINE HAUTE;ROSPEZ;265552,04;6830584,18;229502,19;6866226,2
PLAINE HAUTE;TREGUEUX;265552,04;6830584,18;273994,23;6836773,15
PLAINE HAUTE;TREGUEUX;265552,04;6830584,18;273994,23;6836773,15
PORT-JEROME;ROUGEMONTIER;522385,97;6933417,06;535293,77;6918286,96
PORT-JEROME;SANDOUVILLE;522385,97;6933417,06;504241,88;6934128,45
PORT-JEROME;VAUPALIERE (LA);522385,97;6933417,06;555700,5;6933393,68
PLAN-D ORGON;ROQUEROUSSE;862311,44;6304938,58;869398,91;6288216,84
PLAN-D ORGON;TAVEL;862311,44;6304938,58;831766,12;6325302,14
PETITE-ROSSELLE;SARREGUEMINES;982856,62;6906659,76;997670;6896105,5
PETITE-ROSSELLE;ST-AVOLD;982856,62;6906659,76;970124,07;6899297,08
POTEAU-ROUGE;SQUIVIDAN;228345,42;6766240,29;174841,62;6792039,08
POTEAU-ROUGE;THEIX;228345,42;6766240,29;273997,65;6744421,25
PONT-SEPT;SAINNEVILLE;495772,13;6936353,47;502749,27;6942591,15
PONT-SEPT;SANDOUVILLE;495772,13;6936353,47;504241,88;6934128,45
PORTET-ST-SIMON;RIVENEUVE;569561,91;6271236,9;589337,9;6225551,26
PORTET-ST-SIMON;ST-ORENS;569561,91;6271236,9;579645;6273769,05
PORTET-ST-SIMON;TARASCON;569561,91;6271236,9;585217,4;6195682,28
PORTET-ST-SIMON;VERFEIL;569561,91;6271236,9;592807,54;6282056,56
PORTET-ST-SIMON;VERFEIL;569561,91;6271236,9;592807,54;6282056,56
PALUN (LA);SEPTEMES;901250,86;6266240,12;890696,36;6258088,76
PALUN (LA);SAINTE-TULLE 1;901250,86;6266240,12;923357,37;6302221,92
PALUN (LA);SEPTEMES;901250,86;6266240,12;890696,36;6258088,76
PASSY;PRESSY;988640,7;6541956,91;975103,66;6559587,48
PATIS;REMISE;634693,02;6921760,02;622186,19;6910360,58
PATIS;TERRIER;634693,02;6921760,02;646009,4;6902215,34
PELISSIER;ST-VICTOR;630827,95;6317700,74;684319,23;6328045,42
PERIZET (LE);SETIER;726115,52;6998518,66;724906,88;6971637,78
PERTAIN;ROYE;689620,03;6966254,72;685611,93;6955013,21
PESSAC;SAUCATS;410123,63;6416616,42;413349,8;6397088,65
PESSAC;SAUCATS;410123,63;6416616,42;413349,8;6397088,65
PLAISANCE;ROMAINVILLE;664686,98;6862924,59;658743,88;6866230,74
PONTEAU;REALTOR;864144,65;6253619,29;889736,8;6263661,17
PONTEAU;REALTOR;864144,65;6253619,29;889736,8;6263661,17
PORCHEVILLE;PUISEUX;609515,76;6875296,19;627868,52;6884267,36
PORCHEVILLE;ST-PIERRE-DE-BAILLEUL;609515,76;6875296,19;581188,93;6893147
PRATCLAUX;SANSSAC (L'EGLISE);751245,46;6430619,74;763015,86;6438710,23
PRELES (LES);SEREIN;745485,48;6745478,81;755388,9;6754244,68
PRELES (LES);SEREIN;745485,48;6745478,81;755388,9;6754244,68
PIERRETTE (LA);VERTEFEUILLE;699476,69;7058412,16;702640,7;7064377,39
PUSY;ROLAMPONT;937423,4;6732792,12;871020,31;6760587,4
PUTEAUX;PUTEAUX IMPASSE LEGAGNEUX;644033,33;6864218,06;#N/A;#N/A
PUTEAUX;PUTEAUX IMPASSE LEGAGNEUX;644033,33;6864218,06;#N/A;#N/A
PYMONT;VOUGLANS;895630,25;6624304,69;903986,59;6591629,42
QUATRE-SEIGNEURS;TAMAREAU;767943,38;6283518,15;757826,08;6281826,61
QUINTES (LES);ST-CALAIS;493797,27;6757441,25;530381,9;6759948,19
RAIE-TORTUE;VILLEJUST;644973,28;6854514,89;643400,17;6842199,35
RAIE-TORTUE;VILLEJUST;644973,28;6854514,89;643400,17;6842199,35
RASSUEN;ROQUEROUSSE;859185,62;6268094,87;869398,91;6288216,84
REALTOR;SEPTEMES;889736,8;6263661,17;890696,36;6258088,76
REALTOR;SEPTEMES;889736,8;6263661,17;890696,36;6258088,76
REALTOR;TAVEL;889736,8;6263661,17;831766,12;6325302,14
REALTOR;TAVEL;889736,8;6263661,17;831766,12;6325302,14
REMISE;TERRIER;622186,19;6910360,58;646009,4;6902215,34
REMISE;TERRIER;622186,19;6910360,58;646009,4;6902215,34
REVIGNY;VIGY;846569,91;6859435,94;938816,47;6904732,85
RICHEMONT;ST-HUBERT;931325,51;6913947,19;927853,54;6915705,66
RIVENEUVE;TARASCON;589337,9;6225551,26;585217,4;6195682,28
RIVIERE (LA);TREVAS;809903,38;6480298,45;791366,11;6461264,02
ROGNAC;ROQUEROUSSE;879387,66;6270127,45;869398,91;6288216,84
ROGNAC;ST-CHAMAS;879387,66;6270127,45;867435,73;6271981,9
ROMAINVILLE;VILLEVAUDE;658743,88;6866230,74;675266,82;6867147,42
ROMAINVILLE;VILLEVAUDE;658743,88;6866230,74;675266,82;6867147,42
ROUGEMONTIER;YAINVILLE;535293,77;6918286,96;542093,28;6931071,08
ROUGEMONTIER;TILLEUL;535293,77;6918286,96;551429,33;6883091,9
ROUGEMONTIER;TOURBE;535293,77;6918286,96;461693,59;6894753,4
ROUGEMONTIER;TILLEUL;535293,77;6918286,96;551429,33;6883091,9
ROUGEMONTIER;TOURBE;535293,77;6918286,96;461693,59;6894753,4
ROUSSON;SEREIN;720690,96;6776984,53;755388,9;6754244,68
ROQUEROUSSE;ST-ESTEVE;869398,91;6288216,84;892263,94;6291040,35
RUEYRES;SAVIGNAC;675392,51;6408936,1;702656,29;6444826,2
SERRE-PONCON;SISTERON;959920,11;6379848,86;933395,08;6350221,47
SAINNEVILLE;YAINVILLE;502749,27;6942591,15;542093,28;6931071,08
SANILHAC;TUILIERES;518154,33;6452005,24;513305,02;6418859,41
SANSSAC (L'EGLISE);TREVAS;763015,86;6438710,23;791366,11;6461264,02
SAUSSET;VILLEVAUDE;668825,85;6875037,37;675266,82;6867147,42
SAUSSET;VILLEVAUDE;668825,85;6875037,37;675266,82;6867147,42
SEREIN;TONNERRE;755388,9;6754244,68;775567,9;6750525,09
SEREIN;VIELMOULIN;755388,9;6754244,68;827404,37;6693049,91
SERRIERES;ST-VULBAS-EST;920331,23;6535915,14;875540;6524669,56
SOLEIL (LE);VOLVON;810162,94;6485710,3;803090,68;6496427,69
ST-AUBAN;SAINTE-TULLE 1;940457,75;6335100,91;923357,37;6302221,92
ST-AVOLD;VIGY;970124,07;6899297,08;938816,47;6904732,85
ST-AVOLD;VIGY;970124,07;6899297,08;938816,47;6904732,85
ST-CESAIRE;ST-CHRISTOL;807518,6;6302353,16;786221,25;6290062,04
ST-ELOI;VIGNOL;716119,27;6654555,14;748988,06;6693907,13
ST-ESTEVE;SAINTE-TULLE 1;892263,94;6291040,35;923357,37;6302221,92
ST-JULIEN;VIGY;934317,3;6899413,69;938816,47;6904732,85
ST-ORENS;VERFEIL;579645;6273769,05;592807,54;6282056,56
ST-VULBAS-OUEST;VIELMOULIN;875338,44;6524027,18;827404,37;6693049,91
TAMAREAU;TAVEL;757826,08;6281826,61;831766,12;6325302,14
TAMAREAU;TAVEL;757826,08;6281826,61;831766,12;6325302,14
TAUTE;TERRETTE;382239,9;6909182,11;394642,29;6903707,6
TAUTE;TERRETTE;382239,9;6909182,11;394642,29;6903707,6
TAVEL;VIRADEL;831766,12;6325302,14;794201,84;6338346,93
TAVEL;VIRADEL;831766,12;6325302,14;794201,84;6338346,93
TAVEL;TRICASTIN-POSTE (LE);831766,12;6325302,14;836298,04;6360375,48
TAVEL;TRICASTIN-POSTE (LE);831766,12;6325302,14;836298,04;6360375,48
TAVEL;TRICASTIN-POSTE (LE);831766,12;6325302,14;836298,04;6360375,48
TAVEL;TRICASTIN-POSTE (LE);831766,12;6325302,14;836298,04;6360375,48
TAVEL;TRICASTIN-POSTE (LE);831766,12;6325302,14;836298,04;6360375,48
TERRETTE;TOURBE;394642,29;6903707,6;461693,59;6894753,4
TERRETTE;TOURBE;394642,29;6903707,6;461693,59;6894753,4
TRANS;VINS;981028,45;6274088,71;952030,28;6264584,49
VAUPALIERE (LA);YAINVILLE;555700,5;6933393,68;542093,28;6931071,08
VERGER;VILLERBON;594882,79;6735539,53;574571,36;6728941,97
VERGER;VILLERBON;594882,79;6735539,53;574571,36;6728941,97
VERTEFEUILLE;WEPPES;702640,7;7064377,39;692641,1;7060715,89
VINCEY;VITTEL;946135,21;6811238,55;919199,77;6791793,05
WARANDE;WEPPES;640900,56;7095113,03;692641,1;7060715,89
